Impact,Year,Country,Protection,Impact Func ID
32645.87222988351,2008,ETH,No Protection,0
21429.049301310293,2009,ETH,No Protection,0
119877.50505550127,2010,ETH,No Protection,0
43142.966645958826,2011,ETH,No Protection,0
64444.569308635444,2012,ETH,No Protection,0
107528.6888063618,2013,ETH,No Protection,0
111382.5190297248,2014,ETH,No Protection,0
45215.76311928745,2015,ETH,No Protection,0
197929.32797155986,2016,ETH,No Protection,0
124327.89867168461,2017,ETH,No Protection,0
173350.3680109785,2018,ETH,No Protection,0
178868.10261104308,2019,ETH,No Protection,0
280235.21037539776,2020,ETH,No Protection,0
124128.12742591303,2021,ETH,No Protection,0
156459.74346222947,2022,ETH,No Protection,0
207778.92354574185,2023,ETH,No Protection,0
53500.37660632806,2008,ETH,No Protection,1
40460.87132840349,2009,ETH,No Protection,1
110633.34075011597,2010,ETH,No Protection,1
55764.79211265659,2011,ETH,No Protection,1
72250.83599789796,2012,ETH,No Protection,1
109288.3463137699,2013,ETH,No Protection,1
115580.82392667729,2014,ETH,No Protection,1
66094.11421284678,2015,ETH,No Protection,1
156029.6883586076,2016,ETH,No Protection,1
96952.25796709041,2017,ETH,No Protection,1
145902.38824969443,2018,ETH,No Protection,1
146363.59124633632,2019,ETH,No Protection,1
222353.12979556798,2020,ETH,No Protection,1
113517.14699819947,2021,ETH,No Protection,1
135202.13998548422,2022,ETH,No Protection,1
175170.98997432904,2023,ETH,No Protection,1
27792.846353115496,2008,ETH,No Protection,2
18836.69140297772,2009,ETH,No Protection,2
85596.74554731099,2010,ETH,No Protection,2
33022.07022326345,2011,ETH,No Protection,2
47184.58894087979,2012,ETH,No Protection,2
79017.36150246374,2013,ETH,No Protection,2
83637.5344427713,2014,ETH,No Protection,2
36570.667645050904,2015,ETH,No Protection,2
138952.3763483353,2016,ETH,No Protection,2
85123.79852083852,2017,ETH,No Protection,2
121391.08856495138,2018,ETH,No Protection,2
124448.53055740696,2019,ETH,No Protection,2
195196.0437111358,2020,ETH,No Protection,2
88378.67062202372,2021,ETH,No Protection,2
110834.74084891588,2022,ETH,No Protection,2
148296.07382332708,2023,ETH,No Protection,2
31369.442956573086,2008,ETH,No Protection,3
19788.07716212818,2009,ETH,No Protection,3
118051.17686493677,2010,ETH,No Protection,3
42171.61179939136,2011,ETH,No Protection,3
62091.21908489501,2012,ETH,No Protection,3
105285.71438758557,2013,ETH,No Protection,3
109092.02014629143,2014,ETH,No Protection,3
43650.39259382829,2015,ETH,No Protection,3
195275.0054486706,2016,ETH,No Protection,3
122829.35264079894,2017,ETH,No Protection,3
169923.59222343384,2018,ETH,No Protection,3
176202.4989406026,2019,ETH,No Protection,3
274666.3328785915,2020,ETH,No Protection,3
122510.80937960502,2021,ETH,No Protection,3
154619.44659066238,2022,ETH,No Protection,3
203703.34615637147,2023,ETH,No Protection,3
31525.37779833056,2008,ETH,No Protection,4
22395.155434559427,2009,ETH,No Protection,4
82489.52226099484,2010,ETH,No Protection,4
34927.632599675606,2011,ETH,No Protection,4
47912.63341995333,2012,ETH,No Protection,4
78266.97930284688,2013,ETH,No Protection,4
83504.22288619752,2014,ETH,No Protection,4
40090.00599747114,2015,ETH,No Protection,4
129108.98331338084,2016,ETH,No Protection,4
78413.26592116305,2017,ETH,No Protection,4
114390.05681942496,2018,ETH,No Protection,4
116336.27034843736,2019,ETH,No Protection,4
181525.03160036122,2020,ETH,No Protection,4
84911.32280230716,2021,ETH,No Protection,4
105059.04531352952,2022,ETH,No Protection,4
140267.4071391085,2023,ETH,No Protection,4
39361.61707922812,2008,ETH,No Protection,5
26276.166682168296,2009,ETH,No Protection,5
126967.96530962558,2010,ETH,No Protection,5
47910.432602915316,2011,ETH,No Protection,5
69167.56431810097,2012,ETH,No Protection,5
116277.71224072657,2013,ETH,No Protection,5
122626.26613540982,2014,ETH,No Protection,5
52403.92646179946,2015,ETH,No Protection,5
207471.63394749092,2016,ETH,No Protection,5
127729.86720738585,2017,ETH,No Protection,5
180912.1883764755,2018,ETH,No Protection,5
185907.12922366636,2019,ETH,No Protection,5
291518.3987772329,2020,ETH,No Protection,5
131234.0493113388,2021,ETH,No Protection,5
164967.66380445438,2022,ETH,No Protection,5
220347.2723205019,2023,ETH,No Protection,5
51363.200898457544,2008,ETH,No Protection,6
37363.26236513715,2009,ETH,No Protection,6
120531.70949259534,2010,ETH,No Protection,6
53266.085293215925,2011,ETH,No Protection,6
69940.38710029183,2012,ETH,No Protection,6
116153.24759452473,2013,ETH,No Protection,6
127436.25136165392,2014,ETH,No Protection,6
63209.16593739048,2015,ETH,No Protection,6
187925.15139998545,2016,ETH,No Protection,6
110031.08823031104,2017,ETH,No Protection,6
165615.76934651108,2018,ETH,No Protection,6
166931.8435175927,2019,ETH,No Protection,6
262457.6530153491,2020,ETH,No Protection,6
122867.29826354848,2021,ETH,No Protection,6
151786.11106403635,2022,ETH,No Protection,6
207832.78604789663,2023,ETH,No Protection,6
29199.319995531652,2008,ETH,No Protection,7
17865.374310029652,2009,ETH,No Protection,7
117257.15576493906,2010,ETH,No Protection,7
41338.51560571819,2011,ETH,No Protection,7
59346.944476370096,2012,ETH,No Protection,7
102404.54797123086,2013,ETH,No Protection,7
106170.02711236531,2014,ETH,No Protection,7
41476.93676121705,2015,ETH,No Protection,7
193573.79729500937,2016,ETH,No Protection,7
122975.6781248007,2017,ETH,No Protection,7
167711.2904313128,2018,ETH,No Protection,7
175463.8763080331,2019,ETH,No Protection,7
271965.59607704834,2020,ETH,No Protection,7
121669.76826271105,2021,ETH,No Protection,7
153575.11971167658,2022,ETH,No Protection,7
199579.12540780462,2023,ETH,No Protection,7
25771.910631510545,2008,ETH,No Protection,8
18248.844086166402,2009,ETH,No Protection,8
98589.07259946332,2010,ETH,No Protection,8
35324.77238654654,2011,ETH,No Protection,8
55653.71063250687,2012,ETH,No Protection,8
88532.62809198325,2013,ETH,No Protection,8
89410.78449126736,2014,ETH,No Protection,8
36824.49807256115,2015,ETH,No Protection,8
162317.69967414922,2016,ETH,No Protection,8
103950.2414452157,2017,ETH,No Protection,8
145400.26682376614,2018,ETH,No Protection,8
149058.0747398108,2019,ETH,No Protection,8
235748.31489781657,2020,ETH,No Protection,8
102101.5847045274,2021,ETH,No Protection,8
127965.70423877223,2022,ETH,No Protection,8
171895.94356218853,2023,ETH,No Protection,8
32645.87222988351,2008,ETH,No Protection,9
21429.049301310293,2009,ETH,No Protection,9
119877.50505550127,2010,ETH,No Protection,9
43142.966645958826,2011,ETH,No Protection,9
64444.569308635444,2012,ETH,No Protection,9
107528.6888063618,2013,ETH,No Protection,9
111382.5190297248,2014,ETH,No Protection,9
45215.76311928745,2015,ETH,No Protection,9
197929.32797155986,2016,ETH,No Protection,9
124327.89867168461,2017,ETH,No Protection,9
173350.3680109785,2018,ETH,No Protection,9
178868.10261104308,2019,ETH,No Protection,9
280235.21037539776,2020,ETH,No Protection,9
124128.12742591303,2021,ETH,No Protection,9
156459.74346222947,2022,ETH,No Protection,9
207778.92354574185,2023,ETH,No Protection,9
46551.78951560423,2008,ETH,No Protection,10
34635.057653325806,2009,ETH,No Protection,10
101558.36553999002,2010,ETH,No Protection,10
48949.06375257736,2011,ETH,No Protection,10
64150.39927403681,2012,ETH,No Protection,10
99182.53170980744,2013,ETH,No Protection,10
105737.52896337862,2014,ETH,No Protection,10
57710.11975037527,2015,ETH,No Protection,10
147997.24544685424,2016,ETH,No Protection,10
91243.89983748883,2017,ETH,No Protection,10
135982.72583835988,2018,ETH,No Protection,10
137216.94092341236,2019,ETH,No Protection,10
209670.66199083277,2020,ETH,No Protection,10
104574.85972467897,2021,ETH,No Protection,10
125802.73405240673,2022,ETH,No Protection,10
164700.9838844851,2023,ETH,No Protection,10
36331.915272622035,2008,ETH,No Protection,11
25131.110676281995,2009,ETH,No Protection,11
97098.15728948744,2010,ETH,No Protection,11
39400.29349386178,2011,ETH,No Protection,11
54229.04600261289,2012,ETH,No Protection,11
91803.05742732294,2013,ETH,No Protection,11
99971.23826311786,2014,ETH,No Protection,11
45912.49803456988,2015,ETH,No Protection,11
155960.9589282172,2016,ETH,No Protection,11
92459.98432189485,2017,ETH,No Protection,11
135162.6331675699,2018,ETH,No Protection,11
137647.22951491945,2019,ETH,No Protection,11
216775.69012362137,2020,ETH,No Protection,11
99753.82056462918,2021,ETH,No Protection,11
124813.92409967809,2022,ETH,No Protection,11
169275.12431996613,2023,ETH,No Protection,11
36324.766029136576,2008,ETH,No Protection,12
25861.976568269434,2009,ETH,No Protection,12
91556.96456497745,2010,ETH,No Protection,12
39035.719498475235,2011,ETH,No Protection,12
52888.988690357175,2012,ETH,No Protection,12
87684.6925844942,2013,ETH,No Protection,12
94767.42126190849,2014,ETH,No Protection,12
45509.9705466522,2015,ETH,No Protection,12
144129.51027403833,2016,ETH,No Protection,12
85788.19072116032,2017,ETH,No Protection,12
126629.07126217568,2018,ETH,No Protection,12
128421.48966338494,2019,ETH,No Protection,12
201490.28171628606,2020,ETH,No Protection,12
94011.11792009829,2021,ETH,No Protection,12
116671.61077892916,2022,ETH,No Protection,12
157384.1403086812,2023,ETH,No Protection,12
26595.28248120795,2008,ETH,No Protection,13
16697.682393308758,2009,ETH,No Protection,13
110288.29423392157,2010,ETH,No Protection,13
38446.84042465025,2011,ETH,No Protection,13
57066.30951029018,2012,ETH,No Protection,13
96240.82859953762,2013,ETH,No Protection,13
98970.95377155111,2014,ETH,No Protection,13
38109.11597911397,2015,ETH,No Protection,13
182731.73701921344,2016,ETH,No Protection,13
116783.84392199838,2017,ETH,No Protection,13
159442.10044776104,2018,ETH,No Protection,13
166302.3415031991,2019,ETH,No Protection,13
258314.47220505786,2020,ETH,No Protection,13
114338.88624236546,2021,ETH,No Protection,13
144334.95595055725,2022,ETH,No Protection,13
188433.6738974032,2023,ETH,No Protection,13
39357.56129541255,2008,ETH,No Protection,14
27511.079479368596,2009,ETH,No Protection,14
102919.65486075346,2010,ETH,No Protection,14
41738.10261075639,2011,ETH,No Protection,14
57607.3021330357,2012,ETH,No Protection,14
97638.98733943823,2013,ETH,No Protection,14
107492.67529027283,2014,ETH,No Protection,14
49382.46291090836,2015,ETH,No Protection,14
165464.87982951157,2016,ETH,No Protection,14
97061.63655474335,2017,ETH,No Protection,14
142727.1294472384,2018,ETH,No Protection,14
145140.09875890164,2019,ETH,No Protection,14
229504.89702160234,2020,ETH,No Protection,14
105460.60463293694,2021,ETH,No Protection,14
132052.32746628823,2022,ETH,No Protection,14
180373.75563368498,2023,ETH,No Protection,14
26595.28248120795,2008,ETH,No Protection,15
16697.682393308758,2009,ETH,No Protection,15
110288.29423392157,2010,ETH,No Protection,15
38446.84042465025,2011,ETH,No Protection,15
57066.30951029018,2012,ETH,No Protection,15
96240.82859953762,2013,ETH,No Protection,15
98970.95377155111,2014,ETH,No Protection,15
38109.11597911397,2015,ETH,No Protection,15
182731.73701921344,2016,ETH,No Protection,15
116783.84392199838,2017,ETH,No Protection,15
159442.10044776104,2018,ETH,No Protection,15
166302.3415031991,2019,ETH,No Protection,15
258314.47220505786,2020,ETH,No Protection,15
114338.88624236546,2021,ETH,No Protection,15
144334.95595055725,2022,ETH,No Protection,15
188433.6738974032,2023,ETH,No Protection,15
31369.442956573086,2008,ETH,No Protection,16
19788.07716212818,2009,ETH,No Protection,16
118051.17686493677,2010,ETH,No Protection,16
42171.61179939136,2011,ETH,No Protection,16
62091.21908489501,2012,ETH,No Protection,16
105285.71438758557,2013,ETH,No Protection,16
109092.02014629143,2014,ETH,No Protection,16
43650.39259382829,2015,ETH,No Protection,16
195275.0054486706,2016,ETH,No Protection,16
122829.35264079894,2017,ETH,No Protection,16
169923.59222343384,2018,ETH,No Protection,16
176202.4989406026,2019,ETH,No Protection,16
274666.3328785915,2020,ETH,No Protection,16
122510.80937960502,2021,ETH,No Protection,16
154619.44659066238,2022,ETH,No Protection,16
203703.34615637147,2023,ETH,No Protection,16
26647.302140092394,2008,ETH,No Protection,17
16654.77303720403,2009,ETH,No Protection,17
115418.72330717268,2010,ETH,No Protection,17
39868.51336315939,2011,ETH,No Protection,17
58838.724991493655,2012,ETH,No Protection,17
99145.00029459452,2013,ETH,No Protection,17
102654.948418594,2014,ETH,No Protection,17
38334.772635561596,2015,ETH,No Protection,17
190943.26353294388,2016,ETH,No Protection,17
122913.38950576774,2017,ETH,No Protection,17
166127.55646266372,2018,ETH,No Protection,17
174444.77771514046,2019,ETH,No Protection,17
270275.67117306916,2020,ETH,No Protection,17
119252.07356039171,2021,ETH,No Protection,17
150874.9935632999,2022,ETH,No Protection,17
195414.04030400736,2023,ETH,No Protection,17
29445.519758076705,2008,ETH,No Protection,18
18674.916397099176,2009,ETH,No Protection,18
104436.4027449245,2010,ETH,No Protection,18
37928.90245275102,2011,ETH,No Protection,18
55260.05562735827,2012,ETH,No Protection,18
94151.85776341078,2013,ETH,No Protection,18
98382.51174289394,2014,ETH,No Protection,18
40216.07447837932,2015,ETH,No Protection,18
172352.55635853717,2016,ETH,No Protection,18
107282.21688187752,2017,ETH,No Protection,18
149508.4491758061,2018,ETH,No Protection,18
154674.77153975173,2019,ETH,No Protection,18
241482.6681764485,2020,ETH,No Protection,18
108348.2448784818,2021,ETH,No Protection,18
136720.19578111998,2022,ETH,No Protection,18
180867.38119410136,2023,ETH,No Protection,18
27155.651683987657,2008,ETH,No Protection,19
18743.476930554483,2009,ETH,No Protection,19
83096.66686638042,2010,ETH,No Protection,19
32424.888771262573,2011,ETH,No Protection,19
46535.319218790835,2012,ETH,No Protection,19
76793.66467283822,2013,ETH,No Protection,19
80779.389312657,2014,ETH,No Protection,19
35832.384897345764,2015,ETH,No Protection,19
133984.4231374979,2016,ETH,No Protection,19
82641.3598503992,2017,ETH,No Protection,19
117969.51127881762,2018,ETH,No Protection,19
120753.22544282633,2019,ETH,No Protection,19
189300.3319773444,2020,ETH,No Protection,19
85771.70558382582,2021,ETH,No Protection,19
107203.49265908834,2022,ETH,No Protection,19
143253.68190292633,2023,ETH,No Protection,19
23286.934132863058,2008,ETH,FLOPROS,0
13649.847507937135,2009,ETH,FLOPROS,0
94032.71051875353,2010,ETH,FLOPROS,0
33356.00781473571,2011,ETH,FLOPROS,0
48191.8317920698,2012,ETH,FLOPROS,0
82790.5336241675,2013,ETH,FLOPROS,0
86140.21850920747,2014,ETH,FLOPROS,0
33163.33989343219,2015,ETH,FLOPROS,0
158138.1634064404,2016,ETH,FLOPROS,0
100596.44616375495,2017,ETH,FLOPROS,0
136249.15213083054,2018,ETH,FLOPROS,0
140313.91250165887,2019,ETH,FLOPROS,0
222486.02256738074,2020,ETH,FLOPROS,0
99041.8550065488,2021,ETH,FLOPROS,0
125019.75952646576,2022,ETH,FLOPROS,0
163024.99916457094,2023,ETH,FLOPROS,0
34127.2513300829,2008,ETH,FLOPROS,1
21507.64838353818,2009,ETH,FLOPROS,1
94953.18952967649,2010,ETH,FLOPROS,1
36038.52945884324,2011,ETH,FLOPROS,1
51716.64500901669,2012,ETH,FLOPROS,1
87606.02938436328,2013,ETH,FLOPROS,1
96251.74171556327,2014,ETH,FLOPROS,1
41722.00413900926,2015,ETH,FLOPROS,1
155852.54747338136,2016,ETH,FLOPROS,1
92246.36750618782,2017,ETH,FLOPROS,1
133397.67759071663,2018,ETH,FLOPROS,1
134585.89723126145,2019,ETH,FLOPROS,1
217046.95305431358,2020,ETH,FLOPROS,1
97164.09112070013,2021,ETH,FLOPROS,1
123442.48200128973,2022,ETH,FLOPROS,1
168839.77495830914,2023,ETH,FLOPROS,1
40451.58443302131,2008,ETH,FLOPROS,2
26519.60738655219,2009,ETH,FLOPROS,2
97697.11850697361,2010,ETH,FLOPROS,2
39168.20747203359,2011,ETH,FLOPROS,2
55635.81681074587,2012,ETH,FLOPROS,2
92134.10895317467,2013,ETH,FLOPROS,2
99277.57033750499,2014,ETH,FLOPROS,2
47615.90371692766,2015,ETH,FLOPROS,2
147161.73070098678,2016,ETH,FLOPROS,2
88789.03367015526,2017,ETH,FLOPROS,2
133447.56860002608,2018,ETH,FLOPROS,2
132278.50255838822,2019,ETH,FLOPROS,2
210550.6481369149,2020,ETH,FLOPROS,2
98747.80747428018,2021,ETH,FLOPROS,2
121744.34182284928,2022,ETH,FLOPROS,2
163186.20093609884,2023,ETH,FLOPROS,2
45358.34915965011,2008,ETH,FLOPROS,3
30181.355867056882,2009,ETH,FLOPROS,3
104786.06922791766,2010,ETH,FLOPROS,3
42817.885344159906,2011,ETH,FLOPROS,3
60464.92057019801,2012,ETH,FLOPROS,3
99624.03298572439,2013,ETH,FLOPROS,3
106547.69066184603,2014,ETH,FLOPROS,3
52781.02685739447,2015,ETH,FLOPROS,3
153370.8185210193,2016,ETH,FLOPROS,3
92869.90918516932,2017,ETH,FLOPROS,3
141580.1716951775,2018,ETH,FLOPROS,3
139092.49393098283,2019,ETH,FLOPROS,3
221189.45741497638,2020,ETH,FLOPROS,3
105358.54353434015,2021,ETH,FLOPROS,3
128839.07861485235,2022,ETH,FLOPROS,3
171512.4589347844,2023,ETH,FLOPROS,3
35293.562397927366,2008,ETH,FLOPROS,4
22919.180218777186,2009,ETH,FLOPROS,4
90589.43556428059,2010,ETH,FLOPROS,4
35350.60200896088,2011,ETH,FLOPROS,4
50562.36703608063,2012,ETH,FLOPROS,4
84427.19222011665,2013,ETH,FLOPROS,4
93032.16938892417,2014,ETH,FLOPROS,4
42015.041290436995,2015,ETH,FLOPROS,4
146180.32374849252,2016,ETH,FLOPROS,4
85613.65401706063,2017,ETH,FLOPROS,4
126311.42638670004,2018,ETH,FLOPROS,4
126462.24116267782,2019,ETH,FLOPROS,4
204306.846445325,2020,ETH,FLOPROS,4
91620.43874584755,2021,ETH,FLOPROS,4
116212.67099913557,2022,ETH,FLOPROS,4
160200.94003425265,2023,ETH,FLOPROS,4
39142.56337159611,2008,ETH,FLOPROS,5
23567.88336303312,2009,ETH,FLOPROS,5
127917.09118085231,2010,ETH,FLOPROS,5
46774.73101395312,2011,ETH,FLOPROS,5
67715.51797897115,2012,ETH,FLOPROS,5
115922.2096295463,2013,ETH,FLOPROS,5
124498.97417374987,2014,ETH,FLOPROS,5
50892.37946276337,2015,ETH,FLOPROS,5
213735.70958561596,2016,ETH,FLOPROS,5
130568.38841317581,2017,ETH,FLOPROS,5
182969.9010775105,2018,ETH,FLOPROS,5
186371.7939410972,2019,ETH,FLOPROS,5
298381.105160527,2020,ETH,FLOPROS,5
133228.6132468268,2021,ETH,FLOPROS,5
168942.88784735848,2022,ETH,FLOPROS,5
226731.71306445517,2023,ETH,FLOPROS,5
30468.481857802046,2008,ETH,FLOPROS,6
18183.450337644685,2009,ETH,FLOPROS,6
115970.97798056612,2010,ETH,FLOPROS,6
41206.06821099742,2011,ETH,FLOPROS,6
60781.14566217102,2012,ETH,FLOPROS,6
103164.21162876874,2013,ETH,FLOPROS,6
107909.6925016922,2014,ETH,FLOPROS,6
42172.59028297064,2015,ETH,FLOPROS,6
195064.44747452944,2016,ETH,FLOPROS,6
122769.08210351432,2017,ETH,FLOPROS,6
168537.17226681276,2018,ETH,FLOPROS,6
172535.8294799948,2019,ETH,FLOPROS,6
274656.1731883503,2020,ETH,FLOPROS,6
121680.52196499066,2021,ETH,FLOPROS,6
153832.06419524923,2022,ETH,FLOPROS,6
203455.87235008966,2023,ETH,FLOPROS,6
47288.53469957158,2008,ETH,FLOPROS,7
31046.24031611594,2009,ETH,FLOPROS,7
117165.88031965196,2010,ETH,FLOPROS,7
46395.97636459746,2011,ETH,FLOPROS,7
65921.70511217572,2012,ETH,FLOPROS,7
109413.74559153679,2013,ETH,FLOPROS,7
120706.25291729109,2014,ETH,FLOPROS,7
55722.636231113705,2015,ETH,FLOPROS,7
187424.52428574802,2016,ETH,FLOPROS,7
109287.38338429984,2017,ETH,FLOPROS,7
162912.47253244964,2018,ETH,FLOPROS,7
162393.71441700644,2019,ETH,FLOPROS,7
262370.87241251615,2020,ETH,FLOPROS,7
117686.37222312504,2021,ETH,FLOPROS,7
149174.58495056094,2022,ETH,FLOPROS,7
206605.42400108036,2023,ETH,FLOPROS,7
31521.35100286066,2008,ETH,FLOPROS,8
19483.441657470667,2009,ETH,FLOPROS,8
117853.9577893218,2010,ETH,FLOPROS,8
41764.507596003576,2011,ETH,FLOPROS,8
62956.89387145857,2012,ETH,FLOPROS,8
105070.5338404822,2013,ETH,FLOPROS,8
109713.54533517931,2014,ETH,FLOPROS,8
43269.93198679504,2015,ETH,FLOPROS,8
197704.02131920957,2016,ETH,FLOPROS,8
124217.9050952419,2017,ETH,FLOPROS,8
171900.3033173782,2018,ETH,FLOPROS,8
175294.2417863346,2019,ETH,FLOPROS,8
280220.4122626123,2020,ETH,FLOPROS,8
122967.64899345262,2021,ETH,FLOPROS,8
155560.48926241268,2022,ETH,FLOPROS,8
207460.95033264175,2023,ETH,FLOPROS,8
24637.167714521864,2008,ETH,FLOPROS,9
16438.603054444215,2009,ETH,FLOPROS,9
97062.93100087008,2010,ETH,FLOPROS,9
33702.61939809386,2011,ETH,FLOPROS,9
54204.857057876594,2012,ETH,FLOPROS,9
86470.16068754064,2013,ETH,FLOPROS,9
87789.39108963581,2014,ETH,FLOPROS,9
34867.904527391474,2015,ETH,FLOPROS,9
162086.87216877766,2016,ETH,FLOPROS,9
103721.96308979318,2017,ETH,FLOPROS,9
144298.13789944234,2018,ETH,FLOPROS,9
146343.48783022983,2019,ETH,FLOPROS,9
235717.24756485634,2020,ETH,FLOPROS,9
100887.03643447104,2021,ETH,FLOPROS,9
127105.06058167707,2022,ETH,FLOPROS,9
171538.6227077931,2023,ETH,FLOPROS,9
34127.2513300829,2008,ETH,FLOPROS,10
21507.64838353818,2009,ETH,FLOPROS,10
94953.18952967649,2010,ETH,FLOPROS,10
36038.52945884324,2011,ETH,FLOPROS,10
51716.64500901669,2012,ETH,FLOPROS,10
87606.02938436328,2013,ETH,FLOPROS,10
96251.74171556327,2014,ETH,FLOPROS,10
41722.00413900926,2015,ETH,FLOPROS,10
155852.54747338136,2016,ETH,FLOPROS,10
92246.36750618782,2017,ETH,FLOPROS,10
133397.67759071663,2018,ETH,FLOPROS,10
134585.89723126145,2019,ETH,FLOPROS,10
217046.95305431358,2020,ETH,FLOPROS,10
97164.09112070013,2021,ETH,FLOPROS,10
123442.48200128973,2022,ETH,FLOPROS,10
168839.77495830914,2023,ETH,FLOPROS,10
34127.29261442716,2008,ETH,FLOPROS,11
21507.683617883304,2009,ETH,FLOPROS,11
94953.20212521343,2010,ETH,FLOPROS,11
36038.54607422197,2011,ETH,FLOPROS,11
51716.667490060616,2012,ETH,FLOPROS,11
87606.05204318913,2013,ETH,FLOPROS,11
96251.77350573255,2014,ETH,FLOPROS,11
41722.03890057004,2015,ETH,FLOPROS,11
155852.53722648023,2016,ETH,FLOPROS,11
92246.34644634997,2017,ETH,FLOPROS,11
133397.68086927666,2018,ETH,FLOPROS,11
134585.88826229665,2019,ETH,FLOPROS,11
217046.94624593374,2020,ETH,FLOPROS,11
97164.08911780953,2021,ETH,FLOPROS,11
123442.47802116032,2022,ETH,FLOPROS,11
168839.7894189541,2023,ETH,FLOPROS,11
28851.127482944186,2008,ETH,FLOPROS,12
18504.676133038847,2009,ETH,FLOPROS,12
80119.42353794516,2010,ETH,FLOPROS,12
30665.433687598066,2011,ETH,FLOPROS,12
44391.983369840724,2012,ETH,FLOPROS,12
74138.03439979476,2013,ETH,FLOPROS,12
79838.00291646029,2014,ETH,FLOPROS,12
35385.06970722614,2015,ETH,FLOPROS,12
128540.19140573779,2016,ETH,FLOPROS,12
77589.731839032,2017,ETH,FLOPROS,12
112577.54614121495,2018,ETH,FLOPROS,12
113042.73961996325,2019,ETH,FLOPROS,12
181412.30820749354,2020,ETH,FLOPROS,12
81978.81370844325,2021,ETH,FLOPROS,12
103116.4623496219,2022,ETH,FLOPROS,12
139324.42591471112,2023,ETH,FLOPROS,12
38196.846471212535,2008,ETH,FLOPROS,13
24900.817808565425,2009,ETH,FLOPROS,13
99128.79955119897,2010,ETH,FLOPROS,13
38460.483088770176,2011,ETH,FLOPROS,13
54862.54438503348,2012,ETH,FLOPROS,13
91931.41813658444,2013,ETH,FLOPROS,13
101900.79117033839,2014,ETH,FLOPROS,13
45625.77860178393,2015,ETH,FLOPROS,13
160591.83486756257,2016,ETH,FLOPROS,13
93595.6157826777,2017,ETH,FLOPROS,13
137969.98464105264,2018,ETH,FLOPROS,13
138331.7550022482,2019,ETH,FLOPROS,13
223874.0741197032,2020,ETH,FLOPROS,13
100027.25301925825,2021,ETH,FLOPROS,13
127001.65333617493,2022,ETH,FLOPROS,13
176192.16147294437,2023,ETH,FLOPROS,13
28785.5200909937,2008,ETH,FLOPROS,14
16824.449895774538,2009,ETH,FLOPROS,14
115798.57221836968,2010,ETH,FLOPROS,14
41144.152336104904,2011,ETH,FLOPROS,14
59231.88612735437,2012,ETH,FLOPROS,14
102017.39633055292,2013,ETH,FLOPROS,14
106200.91183118093,2014,ETH,FLOPROS,14
40965.33655279693,2015,ETH,FLOPROS,14
194712.1622194809,2016,ETH,FLOPROS,14
123776.4495828009,2017,ETH,FLOPROS,14
167642.6062429197,2018,ETH,FLOPROS,14
172670.17571121073,2019,ETH,FLOPROS,14
273788.9649568779,2020,ETH,FLOPROS,14
122006.17703000529,2021,ETH,FLOPROS,14
154010.41176945766,2022,ETH,FLOPROS,14
200746.46702664913,2023,ETH,FLOPROS,14
23286.934132863058,2008,ETH,FLOPROS,15
13649.847507937135,2009,ETH,FLOPROS,15
94032.71051875353,2010,ETH,FLOPROS,15
33356.00781473571,2011,ETH,FLOPROS,15
48191.8317920698,2012,ETH,FLOPROS,15
82790.5336241675,2013,ETH,FLOPROS,15
86140.21850920747,2014,ETH,FLOPROS,15
33163.33989343219,2015,ETH,FLOPROS,15
158138.1634064404,2016,ETH,FLOPROS,15
100596.44616375495,2017,ETH,FLOPROS,15
136249.15213083054,2018,ETH,FLOPROS,15
140313.91250165887,2019,ETH,FLOPROS,15
222486.02256738074,2020,ETH,FLOPROS,15
99041.8550065488,2021,ETH,FLOPROS,15
125019.75952646576,2022,ETH,FLOPROS,15
163024.99916457094,2023,ETH,FLOPROS,15
25499.25945075287,2008,ETH,FLOPROS,16
16177.051692021867,2009,ETH,FLOPROS,16
81263.37270460582,2010,ETH,FLOPROS,16
29902.990932524626,2011,ETH,FLOPROS,16
44392.456791608965,2012,ETH,FLOPROS,16
73876.51887056688,2013,ETH,FLOPROS,16
78356.44756656855,2014,ETH,FLOPROS,16
32874.06964476076,2015,ETH,FLOPROS,16
133662.70812767316,2016,ETH,FLOPROS,16
82269.50395360473,2017,ETH,FLOPROS,16
116581.26428123051,2018,ETH,FLOPROS,16
117949.49263265406,2019,ETH,FLOPROS,16
189250.9205643945,2020,ETH,FLOPROS,16
83936.34034563112,2021,ETH,FLOPROS,16
105989.61874622753,2022,ETH,FLOPROS,16
142711.52024450063,2023,ETH,FLOPROS,16
28785.5200909937,2008,ETH,FLOPROS,17
16824.449895774538,2009,ETH,FLOPROS,17
115798.57221836968,2010,ETH,FLOPROS,17
41144.152336104904,2011,ETH,FLOPROS,17
59231.88612735437,2012,ETH,FLOPROS,17
102017.39633055292,2013,ETH,FLOPROS,17
106200.91183118093,2014,ETH,FLOPROS,17
40965.33655279693,2015,ETH,FLOPROS,17
194712.1622194809,2016,ETH,FLOPROS,17
123776.4495828009,2017,ETH,FLOPROS,17
167642.6062429197,2018,ETH,FLOPROS,17
172670.17571121073,2019,ETH,FLOPROS,17
273788.9649568779,2020,ETH,FLOPROS,17
122006.17703000529,2021,ETH,FLOPROS,17
154010.41176945766,2022,ETH,FLOPROS,17
200746.46702664913,2023,ETH,FLOPROS,17
35293.562397927366,2008,ETH,FLOPROS,18
22919.180218777186,2009,ETH,FLOPROS,18
90589.43556428059,2010,ETH,FLOPROS,18
35350.60200896088,2011,ETH,FLOPROS,18
50562.36703608063,2012,ETH,FLOPROS,18
84427.19222011665,2013,ETH,FLOPROS,18
93032.16938892417,2014,ETH,FLOPROS,18
42015.041290436995,2015,ETH,FLOPROS,18
146180.32374849252,2016,ETH,FLOPROS,18
85613.65401706063,2017,ETH,FLOPROS,18
126311.42638670004,2018,ETH,FLOPROS,18
126462.24116267782,2019,ETH,FLOPROS,18
204306.846445325,2020,ETH,FLOPROS,18
91620.43874584755,2021,ETH,FLOPROS,18
116212.67099913557,2022,ETH,FLOPROS,18
160200.94003425265,2023,ETH,FLOPROS,18
26228.863164080667,2008,ETH,FLOPROS,19
15762.01358475094,2009,ETH,FLOPROS,19
113478.94039993029,2010,ETH,FLOPROS,19
39577.916959116046,2011,ETH,FLOPROS,19
58730.873559037216,2012,ETH,FLOPROS,19
98607.74527102281,2013,ETH,FLOPROS,19
102213.13008480362,2014,ETH,FLOPROS,19
38046.46036950392,2015,ETH,FLOPROS,19
190823.31431958283,2016,ETH,FLOPROS,19
122889.22188062183,2017,ETH,FLOPROS,19
165249.45426160333,2018,ETH,FLOPROS,19
170488.01917605757,2019,ETH,FLOPROS,19
270269.1704577781,2020,ETH,FLOPROS,19
118919.8906774034,2021,ETH,FLOPROS,19
150438.88257802537,2022,ETH,FLOPROS,19
195308.28139916412,2023,ETH,FLOPROS,19
49063.68216657072,2008,SOM,No Protection,0
65318.61459459011,2009,SOM,No Protection,0
43190.46825698811,2010,SOM,No Protection,0
47152.60638507204,2011,SOM,No Protection,0
28725.595264087315,2012,SOM,No Protection,0
45464.44747713034,2013,SOM,No Protection,0
44187.96052863555,2014,SOM,No Protection,0
39296.676593235374,2015,SOM,No Protection,0
118766.25409142833,2016,SOM,No Protection,0
43235.41246133553,2017,SOM,No Protection,0
167045.9452604085,2018,SOM,No Protection,0
77147.74010138637,2019,SOM,No Protection,0
165517.3647469454,2020,SOM,No Protection,0
34035.3780398395,2021,SOM,No Protection,0
31016.04233805985,2022,SOM,No Protection,0
311274.54645639117,2023,SOM,No Protection,0
57916.58877128578,2008,SOM,No Protection,1
89472.67998157025,2009,SOM,No Protection,1
50594.216255002415,2010,SOM,No Protection,1
56302.180813141786,2011,SOM,No Protection,1
33129.487013575024,2012,SOM,No Protection,1
52222.99566130142,2013,SOM,No Protection,1
52318.10754429036,2014,SOM,No Protection,1
48358.392862038636,2015,SOM,No Protection,1
157530.81892106603,2016,SOM,No Protection,1
51612.54577021916,2017,SOM,No Protection,1
213452.24771151014,2018,SOM,No Protection,1
93054.11112404913,2019,SOM,No Protection,1
213634.5531640874,2020,SOM,No Protection,1
39879.29202136269,2021,SOM,No Protection,1
34318.93939991385,2022,SOM,No Protection,1
373465.99831363914,2023,SOM,No Protection,1
54864.4462403912,2008,SOM,No Protection,2
61297.33737739134,2009,SOM,No Protection,2
46370.32124129386,2010,SOM,No Protection,2
49336.69351678953,2011,SOM,No Protection,2
31899.790973957868,2012,SOM,No Protection,2
50101.31328885241,2013,SOM,No Protection,2
49162.15267583369,2014,SOM,No Protection,2
41585.6143979892,2015,SOM,No Protection,2
123122.74335385898,2016,SOM,No Protection,2
44215.6508625097,2017,SOM,No Protection,2
183644.05660665117,2018,SOM,No Protection,2
85428.10098603865,2019,SOM,No Protection,2
171386.23843077166,2020,SOM,No Protection,2
38197.98677039626,2021,SOM,No Protection,2
34868.84317826469,2022,SOM,No Protection,2
348416.3602872851,2023,SOM,No Protection,2
48674.76842112041,2008,SOM,No Protection,3
88852.37670350101,2009,SOM,No Protection,3
43052.90238680202,2010,SOM,No Protection,3
48686.48509116964,2011,SOM,No Protection,3
27163.494555889185,2012,SOM,No Protection,3
43056.665477825416,2013,SOM,No Protection,3
43836.43026915088,2014,SOM,No Protection,3
42941.420891163776,2015,SOM,No Protection,3
148682.11320276387,2016,SOM,No Protection,3
45246.679646894336,2017,SOM,No Protection,3
191228.83155206012,2018,SOM,No Protection,3
80462.7738100856,2019,SOM,No Protection,3
196403.20374663908,2020,SOM,No Protection,3
33314.58206787278,2021,SOM,No Protection,3
26474.8119301807,2022,SOM,No Protection,3
311388.38520285534,2023,SOM,No Protection,3
43132.40626463894,2008,SOM,No Protection,4
94086.10451139303,2009,SOM,No Protection,4
58879.36098388409,2010,SOM,No Protection,4
46834.425922158225,2011,SOM,No Protection,4
38285.08586509704,2012,SOM,No Protection,4
56986.443603360196,2013,SOM,No Protection,4
48143.31499918794,2014,SOM,No Protection,4
65799.9809239207,2015,SOM,No Protection,4
137279.7777594103,2016,SOM,No Protection,4
67151.50797366299,2017,SOM,No Protection,4
164458.56604975954,2018,SOM,No Protection,4
97522.86248895078,2019,SOM,No Protection,4
171642.39786059398,2020,SOM,No Protection,4
43115.3179561815,2021,SOM,No Protection,4
22418.372865425215,2022,SOM,No Protection,4
233824.77959604014,2023,SOM,No Protection,4
52330.845376507335,2008,SOM,No Protection,5
78091.16167296848,2009,SOM,No Protection,5
45902.8122195054,2010,SOM,No Protection,5
51179.39923154683,2011,SOM,No Protection,5
30228.118572265,2012,SOM,No Protection,5
47588.24181703166,2013,SOM,No Protection,5
47390.16663929343,2014,SOM,No Protection,5
43217.29479114853,2015,SOM,No Protection,5
138123.84702736157,2016,SOM,No Protection,5
46905.340835878065,2017,SOM,No Protection,5
188918.22594325515,2018,SOM,No Protection,5
83226.63691241876,2019,SOM,No Protection,5
189824.35817881793,2020,SOM,No Protection,5
36118.28312970629,2021,SOM,No Protection,5
32073.462503628565,2022,SOM,No Protection,5
338049.4963210343,2023,SOM,No Protection,5
63102.6639178424,2008,SOM,No Protection,6
104018.4755090319,2009,SOM,No Protection,6
55067.571066947385,2010,SOM,No Protection,6
62731.32147278115,2011,SOM,No Protection,6
35706.756598750406,2012,SOM,No Protection,6
56217.67560883013,2013,SOM,No Protection,6
57123.73863038461,2014,SOM,No Protection,6
53520.24961365786,2015,SOM,No Protection,6
178381.11677063754,2016,SOM,No Protection,6
57346.76642264408,2017,SOM,No Protection,6
237156.764034321,2018,SOM,No Protection,6
101270.46084550797,2019,SOM,No Protection,6
241518.10932503422,2020,SOM,No Protection,6
43425.52469540907,2021,SOM,No Protection,6
37026.25268927025,2022,SOM,No Protection,6
407337.7091065106,2023,SOM,No Protection,6
54948.98553493346,2008,SOM,No Protection,7
102195.14622628615,2009,SOM,No Protection,7
47773.89225796948,2010,SOM,No Protection,7
54693.010693068376,2011,SOM,No Protection,7
29673.906033718347,2012,SOM,No Protection,7
47626.703620042164,2013,SOM,No Protection,7
48982.47122565093,2014,SOM,No Protection,7
48013.15947683195,2015,SOM,No Protection,7
170077.91691668323,2016,SOM,No Protection,7
50061.80967508598,2017,SOM,No Protection,7
217695.93069436372,2018,SOM,No Protection,7
90106.9649287936,2019,SOM,No Protection,7
223931.80064965875,2020,SOM,No Protection,7
37141.558660442955,2021,SOM,No Protection,7
28896.245981422227,2022,SOM,No Protection,7
349081.7166404958,2023,SOM,No Protection,7
65577.5711720003,2008,SOM,No Protection,8
124032.80515671195,2009,SOM,No Protection,8
58253.576036670485,2010,SOM,No Protection,8
65304.73689318316,2011,SOM,No Protection,8
36153.402951800184,2012,SOM,No Protection,8
57666.04920219006,2013,SOM,No Protection,8
58693.0619568832,2014,SOM,No Protection,8
58265.726680422136,2015,SOM,No Protection,8
206248.18802948133,2016,SOM,No Protection,8
61071.86420428369,2017,SOM,No Protection,8
261914.89278028734,2018,SOM,No Protection,8
109748.1360403809,2019,SOM,No Protection,8
269531.7023976489,2020,SOM,No Protection,8
44434.84459479091,2021,SOM,No Protection,8
34315.832338034204,2022,SOM,No Protection,8
417327.51357265277,2023,SOM,No Protection,8
59909.71765013689,2008,SOM,No Protection,9
97448.92098436301,2009,SOM,No Protection,9
52446.40538719289,2010,SOM,No Protection,9
59079.10268094699,2011,SOM,No Protection,9
34017.666733124046,2012,SOM,No Protection,9
53641.92724273096,2013,SOM,No Protection,9
54145.71218638713,2014,SOM,No Protection,9
50738.52138033098,2015,SOM,No Protection,9
168271.26558209347,2016,SOM,No Protection,9
54220.990175147876,2017,SOM,No Protection,9
224410.37040139668,2018,SOM,No Protection,9
96565.19368362792,2019,SOM,No Protection,9
227292.4809206417,2020,SOM,No Protection,9
41212.180938297504,2021,SOM,No Protection,9
35010.67203375259,2022,SOM,No Protection,9
385955.9685651169,2023,SOM,No Protection,9
47894.448373990825,2008,SOM,No Protection,10
75569.68363734121,2009,SOM,No Protection,10
42333.8409294942,2010,SOM,No Protection,10
46637.856843898444,2011,SOM,No Protection,10
27664.34286896265,2012,SOM,No Protection,10
43557.783539900534,2013,SOM,No Protection,10
43412.18365125399,2014,SOM,No Protection,10
40815.79454038356,2015,SOM,No Protection,10
132306.42747908487,2016,SOM,No Protection,10
43366.46743390628,2017,SOM,No Protection,10
178086.56576980645,2018,SOM,No Protection,10
77908.38573045334,2019,SOM,No Protection,10
178300.7175061897,2020,SOM,No Protection,10
33170.92606614115,2021,SOM,No Protection,10
28011.342893911744,2022,SOM,No Protection,10
308288.84134031617,2023,SOM,No Protection,10
54864.4462403912,2008,SOM,No Protection,11
61297.33737739134,2009,SOM,No Protection,11
46370.32124129386,2010,SOM,No Protection,11
49336.69351678953,2011,SOM,No Protection,11
31899.790973957868,2012,SOM,No Protection,11
50101.31328885241,2013,SOM,No Protection,11
49162.15267583369,2014,SOM,No Protection,11
41585.6143979892,2015,SOM,No Protection,11
123122.74335385898,2016,SOM,No Protection,11
44215.6508625097,2017,SOM,No Protection,11
183644.05660665117,2018,SOM,No Protection,11
85428.10098603865,2019,SOM,No Protection,11
171386.23843077166,2020,SOM,No Protection,11
38197.98677039626,2021,SOM,No Protection,11
34868.84317826469,2022,SOM,No Protection,11
348416.3602872851,2023,SOM,No Protection,11
37568.72216847362,2008,SOM,No Protection,12
79239.37230093012,2009,SOM,No Protection,12
47131.17241988904,2010,SOM,No Protection,12
40197.107781276056,2011,SOM,No Protection,12
31290.09675875578,2012,SOM,No Protection,12
46848.018475486155,2013,SOM,No Protection,12
40800.57267066074,2014,SOM,No Protection,12
52716.95264345039,2015,SOM,No Protection,12
118799.01410255556,2016,SOM,No Protection,12
53494.62435243309,2017,SOM,No Protection,12
143714.00047057812,2018,SOM,No Protection,12
80011.96463901842,2019,SOM,No Protection,12
149556.8091389752,2020,SOM,No Protection,12
35780.447366795386,2021,SOM,No Protection,12
19657.713569748154,2022,SOM,No Protection,12
208158.49856414882,2023,SOM,No Protection,12
49889.50336655139,2008,SOM,No Protection,13
63461.913927052985,2009,SOM,No Protection,13
43133.229738614085,2010,SOM,No Protection,13
46703.54076013428,2011,SOM,No Protection,13
29042.268535261057,2012,SOM,No Protection,13
45788.10944470062,2013,SOM,No Protection,13
44884.29605543564,2014,SOM,No Protection,13
39280.05664213243,2015,SOM,No Protection,13
119479.0979379276,2016,SOM,No Protection,13
42403.55900851633,2017,SOM,No Protection,13
171291.267506232,2018,SOM,No Protection,13
78355.73885616874,2019,SOM,No Protection,13
165908.61971986102,2020,SOM,No Protection,13
34529.01242043256,2021,SOM,No Protection,13
31376.740685026703,2022,SOM,No Protection,13
319300.41859848396,2023,SOM,No Protection,13
42075.7428475394,2008,SOM,No Protection,14
76566.1198934382,2009,SOM,No Protection,14
38878.856044612534,2010,SOM,No Protection,14
42280.62584738171,2011,SOM,No Protection,14
24837.44694225721,2012,SOM,No Protection,14
39016.11893201648,2013,SOM,No Protection,14
38581.45585994724,2014,SOM,No Protection,14
39076.61859713749,2015,SOM,No Protection,14
127933.2765947877,2016,SOM,No Protection,14
41254.55583268389,2017,SOM,No Protection,14
164419.94716958643,2018,SOM,No Protection,14
71576.35762027239,2019,SOM,No Protection,14
168369.11007244332,2020,SOM,No Protection,14
29700.3367804407,2021,SOM,No Protection,14
23074.457686035417,2022,SOM,No Protection,14
267567.10946315544,2023,SOM,No Protection,14
64596.88028809608,2008,SOM,No Protection,15
96274.76296521134,2009,SOM,No Protection,15
56295.87353005019,2010,SOM,No Protection,15
62029.45540116222,2011,SOM,No Protection,15
37119.37698810446,2012,SOM,No Protection,15
58486.576980030884,2013,SOM,No Protection,15
58339.94221297595,2014,SOM,No Protection,15
53468.024852353934,2015,SOM,No Protection,15
172194.67081630472,2016,SOM,No Protection,15
56801.258745618085,2017,SOM,No Protection,15
236102.8223983306,2018,SOM,No Protection,15
103708.01636679824,2019,SOM,No Protection,15
233815.76862134092,2020,SOM,No Protection,15
44488.19072281983,2021,SOM,No Protection,15
38480.348457459164,2022,SOM,No Protection,15
417447.6856708749,2023,SOM,No Protection,15
62073.83008363956,2008,SOM,No Protection,16
81529.66557911746,2009,SOM,No Protection,16
54523.217762426815,2010,SOM,No Protection,16
59478.42615300003,2011,SOM,No Protection,16
36364.59350538291,2012,SOM,No Protection,16
57532.45061097567,2013,SOM,No Protection,16
55858.06727930343,2014,SOM,No Protection,16
49504.82572472252,2015,SOM,No Protection,16
148798.4348377651,2016,SOM,No Protection,16
54528.58489024133,2017,SOM,No Protection,16
210042.2650515916,2018,SOM,No Protection,16
97317.19325864076,2019,SOM,No Protection,16
207594.9556619243,2020,SOM,No Protection,16
43124.38037320838,2021,SOM,No Protection,16
39341.028215086335,2022,SOM,No Protection,16
392345.1743211508,2023,SOM,No Protection,16
63936.69913087538,2008,SOM,No Protection,17
87990.64322678951,2009,SOM,No Protection,17
56774.35574669738,2010,SOM,No Protection,17
62169.60977096066,2011,SOM,No Protection,17
37438.4131191078,2012,SOM,No Protection,17
59366.13797714819,2013,SOM,No Protection,17
57716.98646223164,2014,SOM,No Protection,17
51794.61711605812,2015,SOM,No Protection,17
157582.75945066172,2016,SOM,No Protection,17
57093.649361643635,2017,SOM,No Protection,17
219344.1499670198,2018,SOM,No Protection,17
101174.92391779224,2019,SOM,No Protection,17
219428.77314299124,2020,SOM,No Protection,17
44219.74407255172,2021,SOM,No Protection,17
40244.59859453982,2022,SOM,No Protection,17
407498.6061521965,2023,SOM,No Protection,17
49063.68216657072,2008,SOM,No Protection,18
65318.61459459011,2009,SOM,No Protection,18
43190.46825698811,2010,SOM,No Protection,18
47152.60638507204,2011,SOM,No Protection,18
28725.595264087315,2012,SOM,No Protection,18
45464.44747713034,2013,SOM,No Protection,18
44187.96052863555,2014,SOM,No Protection,18
39296.676593235374,2015,SOM,No Protection,18
118766.25409142833,2016,SOM,No Protection,18
43235.41246133553,2017,SOM,No Protection,18
167045.9452604085,2018,SOM,No Protection,18
77147.74010138637,2019,SOM,No Protection,18
165517.3647469454,2020,SOM,No Protection,18
34035.3780398395,2021,SOM,No Protection,18
31016.04233805985,2022,SOM,No Protection,18
311274.54645639117,2023,SOM,No Protection,18
62923.146269537516,2008,SOM,No Protection,19
96092.60139520225,2009,SOM,No Protection,19
56637.11716921263,2010,SOM,No Protection,19
62686.85902215239,2011,SOM,No Protection,19
36646.74265844631,2012,SOM,No Protection,19
58337.11905357351,2013,SOM,No Protection,19
57019.7480182374,2014,SOM,No Protection,19
52714.680768726255,2015,SOM,No Protection,19
167649.11332747602,2016,SOM,No Protection,19
57873.44723961655,2017,SOM,No Protection,19
226223.85519054183,2018,SOM,No Protection,19
101296.6899199492,2019,SOM,No Protection,19
231386.6271723557,2020,SOM,No Protection,19
43086.49857332221,2021,SOM,No Protection,19
38868.782266811315,2022,SOM,No Protection,19
411934.1017213793,2023,SOM,No Protection,19
56629.27981347392,2008,SOM,FLOPROS,0
76245.42292276004,2009,SOM,FLOPROS,0
49291.71447360168,2010,SOM,FLOPROS,0
53735.86812514377,2011,SOM,FLOPROS,0
32921.173235097915,2012,SOM,FLOPROS,0
51966.80297276027,2013,SOM,FLOPROS,0
51022.9099195859,2014,SOM,FLOPROS,0
45332.11716069858,2015,SOM,FLOPROS,0
141391.32897283885,2016,SOM,FLOPROS,0
48908.05563125769,2017,SOM,FLOPROS,0
199843.01948394708,2018,SOM,FLOPROS,0
89906.35386830286,2019,SOM,FLOPROS,0
195337.7910949816,2020,SOM,FLOPROS,0
39280.119882975116,2021,SOM,FLOPROS,0
35351.62390771623,2022,SOM,FLOPROS,0
367229.9130816263,2023,SOM,FLOPROS,0
53746.47223138654,2008,SOM,FLOPROS,1
76380.06287809776,2009,SOM,FLOPROS,1
47008.40440947497,2010,SOM,FLOPROS,1
51665.91679922865,2011,SOM,FLOPROS,1
31116.23734730628,2012,SOM,FLOPROS,1
49208.30979206736,2013,SOM,FLOPROS,1
48459.234879823875,2014,SOM,FLOPROS,1
43698.410205975764,2015,SOM,FLOPROS,1
139256.12651923863,2016,SOM,FLOPROS,1
47096.664698664514,2017,SOM,FLOPROS,1
193975.27539322388,2018,SOM,FLOPROS,1
86054.45950942524,2019,SOM,FLOPROS,1
191297.8381097513,2020,SOM,FLOPROS,1
37347.035339377704,2021,SOM,FLOPROS,1
33181.99029541668,2022,SOM,FLOPROS,1
350765.01991683635,2023,SOM,FLOPROS,1
42298.85562082688,2008,SOM,FLOPROS,2
72413.86921666919,2009,SOM,FLOPROS,2
38276.72898998912,2010,SOM,FLOPROS,2
42694.83490034895,2011,SOM,FLOPROS,2
24185.95313128161,2012,SOM,FLOPROS,2
38911.06255475082,2013,SOM,FLOPROS,2
38122.80919680393,2014,SOM,FLOPROS,2
36745.411144728576,2015,SOM,FLOPROS,2
125180.209842842,2016,SOM,FLOPROS,2
39685.419257005706,2017,SOM,FLOPROS,2
165394.24218662694,2018,SOM,FLOPROS,2
70812.22059870281,2019,SOM,FLOPROS,2
168116.05658691673,2020,SOM,FLOPROS,2
29753.652944676203,2021,SOM,FLOPROS,2
24875.17114565324,2022,SOM,FLOPROS,2
280745.1677458487,2023,SOM,FLOPROS,2
48994.151406704426,2008,SOM,FLOPROS,3
90506.1901300833,2009,SOM,FLOPROS,3
44510.509236909376,2010,SOM,FLOPROS,3
50356.54609644997,2011,SOM,FLOPROS,3
27551.38291652678,2012,SOM,FLOPROS,3
44671.29562394257,2013,SOM,FLOPROS,3
43975.25943300996,2014,SOM,FLOPROS,3
43418.24071329069,2015,SOM,FLOPROS,3
153596.51427780784,2016,SOM,FLOPROS,3
46667.48807037139,2017,SOM,FLOPROS,3
198991.19524835583,2018,SOM,FLOPROS,3
83288.97725456972,2019,SOM,FLOPROS,3
204274.933481582,2020,SOM,FLOPROS,3
34593.72650648388,2021,SOM,FLOPROS,3
27979.327063216173,2022,SOM,FLOPROS,3
327619.5231245606,2023,SOM,FLOPROS,3
50018.06904638794,2008,SOM,FLOPROS,4
107204.85243748905,2009,SOM,FLOPROS,4
55264.654103226196,2010,SOM,FLOPROS,4
53701.97785011663,2011,SOM,FLOPROS,4
31125.119602642124,2012,SOM,FLOPROS,4
53552.05740840639,2013,SOM,FLOPROS,4
46744.255605181126,2014,SOM,FLOPROS,4
55086.98967830637,2015,SOM,FLOPROS,4
175525.70224490325,2016,SOM,FLOPROS,4
58686.39355950212,2017,SOM,FLOPROS,4
218640.74678148716,2018,SOM,FLOPROS,4
101102.10417090583,2019,SOM,FLOPROS,4
225722.4425265951,2020,SOM,FLOPROS,4
38153.49403884749,2021,SOM,FLOPROS,4
25721.7010853611,2022,SOM,FLOPROS,4
337586.43980485474,2023,SOM,FLOPROS,4
56234.51235860416,2008,SOM,FLOPROS,5
126055.75915148402,2009,SOM,FLOPROS,5
64450.19772463759,2010,SOM,FLOPROS,5
61213.864376679274,2011,SOM,FLOPROS,5
35712.63546466711,2012,SOM,FLOPROS,5
61759.22499887063,2013,SOM,FLOPROS,5
52617.881629111245,2014,SOM,FLOPROS,5
64359.23954921836,2015,SOM,FLOPROS,5
205132.37821591907,2016,SOM,FLOPROS,5
69302.93757370143,2017,SOM,FLOPROS,5
252451.19516747582,2018,SOM,FLOPROS,5
117485.01985607806,2019,SOM,FLOPROS,5
261187.44263661545,2020,SOM,FLOPROS,5
43126.65794554914,2021,SOM,FLOPROS,5
28042.08640283135,2022,SOM,FLOPROS,5
382112.2120698525,2023,SOM,FLOPROS,5
60532.07768511833,2008,SOM,FLOPROS,6
101167.58300260275,2009,SOM,FLOPROS,6
53969.85950318077,2010,SOM,FLOPROS,6
61036.95948116418,2011,SOM,FLOPROS,6
34676.34165961949,2012,SOM,FLOPROS,6
55109.48506554214,2013,SOM,FLOPROS,6
54742.46530073162,2014,SOM,FLOPROS,6
51830.80909558233,2015,SOM,FLOPROS,6
174952.0763467103,2016,SOM,FLOPROS,6
56137.73618140294,2017,SOM,FLOPROS,6
232753.95351217187,2018,SOM,FLOPROS,6
99361.65509861661,2019,SOM,FLOPROS,6
236996.77060307813,2020,SOM,FLOPROS,6
42453.18602804603,2021,SOM,FLOPROS,6
36247.57939370525,2022,SOM,FLOPROS,6
400305.1173990428,2023,SOM,FLOPROS,6
48067.7268196991,2008,SOM,FLOPROS,7
93232.49214660974,2009,SOM,FLOPROS,7
44707.72723991926,2010,SOM,FLOPROS,7
49731.31754934112,2011,SOM,FLOPROS,7
26855.402621656136,2012,SOM,FLOPROS,7
44390.62215989668,2013,SOM,FLOPROS,7
42853.42995971283,2014,SOM,FLOPROS,7
43548.435758049265,2015,SOM,FLOPROS,7
157513.42183315454,2016,SOM,FLOPROS,7
46776.754627960494,2017,SOM,FLOPROS,7
201227.08878002176,2018,SOM,FLOPROS,7
84186.23272044025,2019,SOM,FLOPROS,7
206981.58906442125,2020,SOM,FLOPROS,7
34005.968116679665,2021,SOM,FLOPROS,7
26621.676489139896,2022,SOM,FLOPROS,7
323787.3948285703,2023,SOM,FLOPROS,7
61719.15531208418,2008,SOM,FLOPROS,8
122070.66646083862,2009,SOM,FLOPROS,8
57982.5714564869,2010,SOM,FLOPROS,8
63924.81624375066,2011,SOM,FLOPROS,8
34366.656388610594,2012,SOM,FLOPROS,8
57288.40317707422,2013,SOM,FLOPROS,8
54816.18765448416,2014,SOM,FLOPROS,8
56327.963644199444,2015,SOM,FLOPROS,8
206046.64171992856,2016,SOM,FLOPROS,8
60527.88600444161,2017,SOM,FLOPROS,8
261694.15558048358,2018,SOM,FLOPROS,8
109522.25036013077,2019,SOM,FLOPROS,8
269302.31452241226,2020,SOM,FLOPROS,8
43618.36294666441,2021,SOM,FLOPROS,8
33734.836152420976,2022,SOM,FLOPROS,8
417154.8018568527,2023,SOM,FLOPROS,8
54584.13769339917,2008,SOM,FLOPROS,9
80406.16805170485,2009,SOM,FLOPROS,9
48008.868863573574,2010,SOM,FLOPROS,9
52760.12840606507,2011,SOM,FLOPROS,9
31475.69742331459,2012,SOM,FLOPROS,9
50016.334707905604,2013,SOM,FLOPROS,9
49169.60602389944,2014,SOM,FLOPROS,9
44918.678177883194,2015,SOM,FLOPROS,9
145554.6891470539,2016,SOM,FLOPROS,9
48217.11916286226,2017,SOM,FLOPROS,9
200901.65815469425,2018,SOM,FLOPROS,9
88381.49772787324,2019,SOM,FLOPROS,9
198598.39010048794,2020,SOM,FLOPROS,9
37983.94914011232,2021,SOM,FLOPROS,9
33253.239570531034,2022,SOM,FLOPROS,9
358491.70527213375,2023,SOM,FLOPROS,9
46593.52518827848,2008,SOM,FLOPROS,10
74864.22789158339,2009,SOM,FLOPROS,10
42163.3563206303,2010,SOM,FLOPROS,10
46054.70393269059,2011,SOM,FLOPROS,10
26926.643923821037,2012,SOM,FLOPROS,10
43281.680931745264,2013,SOM,FLOPROS,10
42051.103986280374,2014,SOM,FLOPROS,10
40011.19963982976,2015,SOM,FLOPROS,10
132180.1944172459,2016,SOM,FLOPROS,10
43008.48846294044,2017,SOM,FLOPROS,10
177963.0982981673,2018,SOM,FLOPROS,10
77788.82334841248,2019,SOM,FLOPROS,10
178171.8896742687,2020,SOM,FLOPROS,10
32736.98576211008,2021,SOM,FLOPROS,10
27668.7479933786,2022,SOM,FLOPROS,10
308199.6492570769,2023,SOM,FLOPROS,10
42298.85562082688,2008,SOM,FLOPROS,11
72413.86921666919,2009,SOM,FLOPROS,11
38276.72898998912,2010,SOM,FLOPROS,11
42694.83490034895,2011,SOM,FLOPROS,11
24185.95313128161,2012,SOM,FLOPROS,11
38911.06255475082,2013,SOM,FLOPROS,11
38122.80919680393,2014,SOM,FLOPROS,11
36745.411144728576,2015,SOM,FLOPROS,11
125180.209842842,2016,SOM,FLOPROS,11
39685.419257005706,2017,SOM,FLOPROS,11
165394.24218662694,2018,SOM,FLOPROS,11
70812.22059870281,2019,SOM,FLOPROS,11
168116.05658691673,2020,SOM,FLOPROS,11
29753.652944676203,2021,SOM,FLOPROS,11
24875.17114565324,2022,SOM,FLOPROS,11
280745.1677458487,2023,SOM,FLOPROS,11
33741.604825300645,2008,SOM,FLOPROS,12
82188.39186061936,2009,SOM,FLOPROS,12
47917.637081579516,2010,SOM,FLOPROS,12
38251.29626644607,2011,SOM,FLOPROS,12
24836.77943737151,2012,SOM,FLOPROS,12
45108.42948632957,2013,SOM,FLOPROS,12
34975.54978026121,2014,SOM,FLOPROS,12
49639.73183652078,2015,SOM,FLOPROS,12
126124.1653819902,2016,SOM,FLOPROS,12
50562.73960877863,2017,SOM,FLOPROS,12
153069.6665823457,2018,SOM,FLOPROS,12
84436.98671938454,2019,SOM,FLOPROS,12
159315.5133935093,2020,SOM,FLOPROS,12
30020.665220660543,2021,SOM,FLOPROS,12
15157.58533766729,2022,SOM,FLOPROS,12
223638.22293534986,2023,SOM,FLOPROS,12
40398.29569577795,2008,SOM,FLOPROS,13
102732.20920540916,2009,SOM,FLOPROS,13
63507.06844591502,2010,SOM,FLOPROS,13
46779.912623611206,2011,SOM,FLOPROS,13
31899.573859709963,2012,SOM,FLOPROS,13
58351.6968713491,2013,SOM,FLOPROS,13
43682.28057347643,2014,SOM,FLOPROS,13
66013.46170316933,2015,SOM,FLOPROS,13
153182.87715755278,2016,SOM,FLOPROS,13
66321.36702682367,2017,SOM,FLOPROS,13
184498.18299473388,2018,SOM,FLOPROS,13
109917.32857347814,2019,SOM,FLOPROS,13
192497.6423765508,2020,SOM,FLOPROS,13
38175.43617191327,2021,SOM,FLOPROS,13
17128.312049645523,2022,SOM,FLOPROS,13
264818.68426269555,2023,SOM,FLOPROS,13
39905.65968075251,2008,SOM,FLOPROS,14
75463.11511282534,2009,SOM,FLOPROS,14
38555.602617965094,2010,SOM,FLOPROS,14
41263.837326445835,2011,SOM,FLOPROS,14
23251.411346944533,2012,SOM,FLOPROS,14
38402.58535061783,2013,SOM,FLOPROS,14
36187.872094592836,2014,SOM,FLOPROS,14
37557.9720208572,2015,SOM,FLOPROS,14
127710.93674795322,2016,SOM,FLOPROS,14
40452.41308978981,2017,SOM,FLOPROS,14
164231.75997966496,2018,SOM,FLOPROS,14
71396.20284296987,2019,SOM,FLOPROS,14
168163.7626679485,2020,SOM,FLOPROS,14
28705.49039872576,2021,SOM,FLOPROS,14
22309.30903949531,2022,SOM,FLOPROS,14
267468.91164862877,2023,SOM,FLOPROS,14
50932.23446471335,2008,SOM,FLOPROS,15
72798.73253082308,2009,SOM,FLOPROS,15
45447.29811496298,2010,SOM,FLOPROS,15
49820.05622669772,2011,SOM,FLOPROS,15
29814.90386083773,2012,SOM,FLOPROS,15
47309.934141017366,2013,SOM,FLOPROS,15
45987.81039519742,2014,SOM,FLOPROS,15
41738.86591540568,2015,SOM,FLOPROS,15
129943.7940890634,2016,SOM,FLOPROS,15
45992.018928181344,2017,SOM,FLOPROS,15
179383.3055055885,2018,SOM,FLOPROS,15
81267.09736816787,2019,SOM,FLOPROS,15
180329.09768555145,2020,SOM,FLOPROS,15
35256.620636920095,2021,SOM,FLOPROS,15
31940.321604241835,2022,SOM,FLOPROS,15
329311.1188695654,2023,SOM,FLOPROS,15
53809.41629059506,2008,SOM,FLOPROS,16
70148.9110290027,2009,SOM,FLOPROS,16
47155.224010972226,2010,SOM,FLOPROS,16
51523.527975466866,2011,SOM,FLOPROS,16
31553.172684227502,2012,SOM,FLOPROS,16
49991.76173048126,2013,SOM,FLOPROS,16
48224.006028615004,2014,SOM,FLOPROS,16
42753.67704910171,2015,SOM,FLOPROS,16
128095.62046709667,2016,SOM,FLOPROS,16
47460.91972678851,2017,SOM,FLOPROS,16
180816.27164619707,2018,SOM,FLOPROS,16
83836.59763197206,2019,SOM,FLOPROS,16
179119.66041802656,2020,SOM,FLOPROS,16
37415.233725668964,2021,SOM,FLOPROS,16
34176.86490994332,2022,SOM,FLOPROS,16
338158.6655480652,2023,SOM,FLOPROS,16
56629.27981347392,2008,SOM,FLOPROS,17
76245.42292276004,2009,SOM,FLOPROS,17
49291.71447360168,2010,SOM,FLOPROS,17
53735.86812514377,2011,SOM,FLOPROS,17
32921.173235097915,2012,SOM,FLOPROS,17
51966.80297276027,2013,SOM,FLOPROS,17
51022.9099195859,2014,SOM,FLOPROS,17
45332.11716069858,2015,SOM,FLOPROS,17
141391.32897283885,2016,SOM,FLOPROS,17
48908.05563125769,2017,SOM,FLOPROS,17
199843.01948394708,2018,SOM,FLOPROS,17
89906.35386830286,2019,SOM,FLOPROS,17
195337.7910949816,2020,SOM,FLOPROS,17
39280.119882975116,2021,SOM,FLOPROS,17
35351.62390771623,2022,SOM,FLOPROS,17
367229.9130816263,2023,SOM,FLOPROS,17
54790.50147186296,2008,SOM,FLOPROS,18
61231.894322890876,2009,SOM,FLOPROS,18
46347.87541289046,2010,SOM,FLOPROS,18
49277.00392482181,2011,SOM,FLOPROS,18
31874.357383911116,2012,SOM,FLOPROS,18
50076.53936830573,2013,SOM,FLOPROS,18
49070.25566314076,2014,SOM,FLOPROS,18
41547.77565907102,2015,SOM,FLOPROS,18
123093.47958391359,2016,SOM,FLOPROS,18
44178.297355520896,2017,SOM,FLOPROS,18
183610.56495355951,2018,SOM,FLOPROS,18
85393.03392669892,2019,SOM,FLOPROS,18
171351.7046726087,2020,SOM,FLOPROS,18
38163.482830390676,2021,SOM,FLOPROS,18
34834.338947949705,2022,SOM,FLOPROS,18
348381.76358733873,2023,SOM,FLOPROS,18
53809.41629059506,2008,SOM,FLOPROS,19
70148.9110290027,2009,SOM,FLOPROS,19
47155.224010972226,2010,SOM,FLOPROS,19
51523.527975466866,2011,SOM,FLOPROS,19
31553.172684227502,2012,SOM,FLOPROS,19
49991.76173048126,2013,SOM,FLOPROS,19
48224.006028615004,2014,SOM,FLOPROS,19
42753.67704910171,2015,SOM,FLOPROS,19
128095.62046709667,2016,SOM,FLOPROS,19
47460.91972678851,2017,SOM,FLOPROS,19
180816.27164619707,2018,SOM,FLOPROS,19
83836.59763197206,2019,SOM,FLOPROS,19
179119.66041802656,2020,SOM,FLOPROS,19
37415.233725668964,2021,SOM,FLOPROS,19
34176.86490994332,2022,SOM,FLOPROS,19
338158.6655480652,2023,SOM,FLOPROS,19
50532.08909550721,2008,SDN,No Protection,0
31772.474829929095,2009,SDN,No Protection,0
96605.2224445411,2010,SDN,No Protection,0
26218.378379156668,2011,SDN,No Protection,0
95142.24024133965,2012,SDN,No Protection,0
134566.03816133612,2013,SDN,No Protection,0
94502.6902376417,2014,SDN,No Protection,0
10979.271589687762,2015,SDN,No Protection,0
42113.07624339373,2016,SDN,No Protection,0
84918.8661590341,2017,SDN,No Protection,0
100352.64662714461,2018,SDN,No Protection,0
422829.00397680263,2019,SDN,No Protection,0
509626.69145209563,2020,SDN,No Protection,0
84778.75546517778,2021,SDN,No Protection,0
123900.20015717551,2022,SDN,No Protection,0
18622.05833214795,2023,SDN,No Protection,0
54240.53247735277,2008,SDN,No Protection,1
35706.62950767175,2009,SDN,No Protection,1
97210.41359173668,2010,SDN,No Protection,1
35151.52969406328,2011,SDN,No Protection,1
96579.54219791718,2012,SDN,No Protection,1
125096.4166181303,2013,SDN,No Protection,1
92086.39502607829,2014,SDN,No Protection,1
12517.591917649777,2015,SDN,No Protection,1
44967.12767797146,2016,SDN,No Protection,1
77200.43286269602,2017,SDN,No Protection,1
95379.25514605177,2018,SDN,No Protection,1
338648.56390644284,2019,SDN,No Protection,1
403860.3371128865,2020,SDN,No Protection,1
78574.2147134576,2021,SDN,No Protection,1
117916.93160796845,2022,SDN,No Protection,1
16942.766549402633,2023,SDN,No Protection,1
50532.09699635056,2008,SDN,No Protection,2
31772.48632180084,2009,SDN,No Protection,2
96605.1584198925,2010,SDN,No Protection,2
26218.445518621098,2011,SDN,No Protection,2
95142.20062651367,2012,SDN,No Protection,2
134565.8621927615,2013,SDN,No Protection,2
94502.61816355432,2014,SDN,No Protection,2
10979.274473037221,2015,SDN,No Protection,2
42113.0737190786,2016,SDN,No Protection,2
84918.74122415372,2017,SDN,No Protection,2
100352.53003386322,2018,SDN,No Protection,2
422828.0331670363,2019,SDN,No Protection,2
509625.4746080948,2020,SDN,No Protection,2
84778.66335079799,2021,SDN,No Protection,2
123900.0678465065,2022,SDN,No Protection,2
18622.031510721554,2023,SDN,No Protection,2
50532.09699635056,2008,SDN,No Protection,3
31772.48632180084,2009,SDN,No Protection,3
96605.1584198925,2010,SDN,No Protection,3
26218.445518621098,2011,SDN,No Protection,3
95142.20062651367,2012,SDN,No Protection,3
134565.8621927615,2013,SDN,No Protection,3
94502.61816355432,2014,SDN,No Protection,3
10979.274473037221,2015,SDN,No Protection,3
42113.0737190786,2016,SDN,No Protection,3
84918.74122415372,2017,SDN,No Protection,3
100352.53003386322,2018,SDN,No Protection,3
422828.0331670363,2019,SDN,No Protection,3
509625.4746080948,2020,SDN,No Protection,3
84778.66335079799,2021,SDN,No Protection,3
123900.0678465065,2022,SDN,No Protection,3
18622.031510721554,2023,SDN,No Protection,3
54240.53247735277,2008,SDN,No Protection,4
35706.62950767175,2009,SDN,No Protection,4
97210.41359173668,2010,SDN,No Protection,4
35151.52969406328,2011,SDN,No Protection,4
96579.54219791718,2012,SDN,No Protection,4
125096.4166181303,2013,SDN,No Protection,4
92086.39502607829,2014,SDN,No Protection,4
12517.591917649777,2015,SDN,No Protection,4
44967.12767797146,2016,SDN,No Protection,4
77200.43286269602,2017,SDN,No Protection,4
95379.25514605177,2018,SDN,No Protection,4
338648.56390644284,2019,SDN,No Protection,4
403860.3371128865,2020,SDN,No Protection,4
78574.2147134576,2021,SDN,No Protection,4
117916.93160796845,2022,SDN,No Protection,4
16942.766549402633,2023,SDN,No Protection,4
50532.08909550721,2008,SDN,No Protection,5
31772.474829929095,2009,SDN,No Protection,5
96605.2224445411,2010,SDN,No Protection,5
26218.378379156668,2011,SDN,No Protection,5
95142.24024133965,2012,SDN,No Protection,5
134566.03816133612,2013,SDN,No Protection,5
94502.6902376417,2014,SDN,No Protection,5
10979.271589687762,2015,SDN,No Protection,5
42113.07624339373,2016,SDN,No Protection,5
84918.8661590341,2017,SDN,No Protection,5
100352.64662714461,2018,SDN,No Protection,5
422829.00397680263,2019,SDN,No Protection,5
509626.69145209563,2020,SDN,No Protection,5
84778.75546517778,2021,SDN,No Protection,5
123900.20015717551,2022,SDN,No Protection,5
18622.05833214795,2023,SDN,No Protection,5
54240.53247735277,2008,SDN,No Protection,6
35706.62950767175,2009,SDN,No Protection,6
97210.41359173668,2010,SDN,No Protection,6
35151.52969406328,2011,SDN,No Protection,6
96579.54219791718,2012,SDN,No Protection,6
125096.4166181303,2013,SDN,No Protection,6
92086.39502607829,2014,SDN,No Protection,6
12517.591917649777,2015,SDN,No Protection,6
44967.12767797146,2016,SDN,No Protection,6
77200.43286269602,2017,SDN,No Protection,6
95379.25514605177,2018,SDN,No Protection,6
338648.56390644284,2019,SDN,No Protection,6
403860.3371128865,2020,SDN,No Protection,6
78574.2147134576,2021,SDN,No Protection,6
117916.93160796845,2022,SDN,No Protection,6
16942.766549402633,2023,SDN,No Protection,6
50532.08909550721,2008,SDN,No Protection,7
31772.474829929095,2009,SDN,No Protection,7
96605.2224445411,2010,SDN,No Protection,7
26218.378379156668,2011,SDN,No Protection,7
95142.24024133965,2012,SDN,No Protection,7
134566.03816133612,2013,SDN,No Protection,7
94502.6902376417,2014,SDN,No Protection,7
10979.271589687762,2015,SDN,No Protection,7
42113.07624339373,2016,SDN,No Protection,7
84918.8661590341,2017,SDN,No Protection,7
100352.64662714461,2018,SDN,No Protection,7
422829.00397680263,2019,SDN,No Protection,7
509626.69145209563,2020,SDN,No Protection,7
84778.75546517778,2021,SDN,No Protection,7
123900.20015717551,2022,SDN,No Protection,7
18622.05833214795,2023,SDN,No Protection,7
54240.53247735277,2008,SDN,No Protection,8
35706.62950767175,2009,SDN,No Protection,8
97210.41359173668,2010,SDN,No Protection,8
35151.52969406328,2011,SDN,No Protection,8
96579.54219791718,2012,SDN,No Protection,8
125096.4166181303,2013,SDN,No Protection,8
92086.39502607829,2014,SDN,No Protection,8
12517.591917649777,2015,SDN,No Protection,8
44967.12767797146,2016,SDN,No Protection,8
77200.43286269602,2017,SDN,No Protection,8
95379.25514605177,2018,SDN,No Protection,8
338648.56390644284,2019,SDN,No Protection,8
403860.3371128865,2020,SDN,No Protection,8
78574.2147134576,2021,SDN,No Protection,8
117916.93160796845,2022,SDN,No Protection,8
16942.766549402633,2023,SDN,No Protection,8
50532.09699635056,2008,SDN,No Protection,9
31772.48632180084,2009,SDN,No Protection,9
96605.1584198925,2010,SDN,No Protection,9
26218.445518621098,2011,SDN,No Protection,9
95142.20062651367,2012,SDN,No Protection,9
134565.8621927615,2013,SDN,No Protection,9
94502.61816355432,2014,SDN,No Protection,9
10979.274473037221,2015,SDN,No Protection,9
42113.0737190786,2016,SDN,No Protection,9
84918.74122415372,2017,SDN,No Protection,9
100352.53003386322,2018,SDN,No Protection,9
422828.0331670363,2019,SDN,No Protection,9
509625.4746080948,2020,SDN,No Protection,9
84778.66335079799,2021,SDN,No Protection,9
123900.0678465065,2022,SDN,No Protection,9
18622.031510721554,2023,SDN,No Protection,9
50532.09699635056,2008,SDN,No Protection,10
31772.48632180084,2009,SDN,No Protection,10
96605.1584198925,2010,SDN,No Protection,10
26218.445518621098,2011,SDN,No Protection,10
95142.20062651367,2012,SDN,No Protection,10
134565.8621927615,2013,SDN,No Protection,10
94502.61816355432,2014,SDN,No Protection,10
10979.274473037221,2015,SDN,No Protection,10
42113.0737190786,2016,SDN,No Protection,10
84918.74122415372,2017,SDN,No Protection,10
100352.53003386322,2018,SDN,No Protection,10
422828.0331670363,2019,SDN,No Protection,10
509625.4746080948,2020,SDN,No Protection,10
84778.66335079799,2021,SDN,No Protection,10
123900.0678465065,2022,SDN,No Protection,10
18622.031510721554,2023,SDN,No Protection,10
50532.08909550721,2008,SDN,No Protection,11
31772.474829929095,2009,SDN,No Protection,11
96605.2224445411,2010,SDN,No Protection,11
26218.378379156668,2011,SDN,No Protection,11
95142.24024133965,2012,SDN,No Protection,11
134566.03816133612,2013,SDN,No Protection,11
94502.6902376417,2014,SDN,No Protection,11
10979.271589687762,2015,SDN,No Protection,11
42113.07624339373,2016,SDN,No Protection,11
84918.8661590341,2017,SDN,No Protection,11
100352.64662714461,2018,SDN,No Protection,11
422829.00397680263,2019,SDN,No Protection,11
509626.69145209563,2020,SDN,No Protection,11
84778.75546517778,2021,SDN,No Protection,11
123900.20015717551,2022,SDN,No Protection,11
18622.05833214795,2023,SDN,No Protection,11
50532.09699635056,2008,SDN,No Protection,12
31772.48632180084,2009,SDN,No Protection,12
96605.1584198925,2010,SDN,No Protection,12
26218.445518621098,2011,SDN,No Protection,12
95142.20062651367,2012,SDN,No Protection,12
134565.8621927615,2013,SDN,No Protection,12
94502.61816355432,2014,SDN,No Protection,12
10979.274473037221,2015,SDN,No Protection,12
42113.0737190786,2016,SDN,No Protection,12
84918.74122415372,2017,SDN,No Protection,12
100352.53003386322,2018,SDN,No Protection,12
422828.0331670363,2019,SDN,No Protection,12
509625.4746080948,2020,SDN,No Protection,12
84778.66335079799,2021,SDN,No Protection,12
123900.0678465065,2022,SDN,No Protection,12
18622.031510721554,2023,SDN,No Protection,12
54240.53247735277,2008,SDN,No Protection,13
35706.62950767175,2009,SDN,No Protection,13
97210.41359173668,2010,SDN,No Protection,13
35151.52969406328,2011,SDN,No Protection,13
96579.54219791718,2012,SDN,No Protection,13
125096.4166181303,2013,SDN,No Protection,13
92086.39502607829,2014,SDN,No Protection,13
12517.591917649777,2015,SDN,No Protection,13
44967.12767797146,2016,SDN,No Protection,13
77200.43286269602,2017,SDN,No Protection,13
95379.25514605177,2018,SDN,No Protection,13
338648.56390644284,2019,SDN,No Protection,13
403860.3371128865,2020,SDN,No Protection,13
78574.2147134576,2021,SDN,No Protection,13
117916.93160796845,2022,SDN,No Protection,13
16942.766549402633,2023,SDN,No Protection,13
50532.08909550721,2008,SDN,No Protection,14
31772.474829929095,2009,SDN,No Protection,14
96605.2224445411,2010,SDN,No Protection,14
26218.378379156668,2011,SDN,No Protection,14
95142.24024133965,2012,SDN,No Protection,14
134566.03816133612,2013,SDN,No Protection,14
94502.6902376417,2014,SDN,No Protection,14
10979.271589687762,2015,SDN,No Protection,14
42113.07624339373,2016,SDN,No Protection,14
84918.8661590341,2017,SDN,No Protection,14
100352.64662714461,2018,SDN,No Protection,14
422829.00397680263,2019,SDN,No Protection,14
509626.69145209563,2020,SDN,No Protection,14
84778.75546517778,2021,SDN,No Protection,14
123900.20015717551,2022,SDN,No Protection,14
18622.05833214795,2023,SDN,No Protection,14
50532.09699635056,2008,SDN,No Protection,15
31772.48632180084,2009,SDN,No Protection,15
96605.1584198925,2010,SDN,No Protection,15
26218.445518621098,2011,SDN,No Protection,15
95142.20062651367,2012,SDN,No Protection,15
134565.8621927615,2013,SDN,No Protection,15
94502.61816355432,2014,SDN,No Protection,15
10979.274473037221,2015,SDN,No Protection,15
42113.0737190786,2016,SDN,No Protection,15
84918.74122415372,2017,SDN,No Protection,15
100352.53003386322,2018,SDN,No Protection,15
422828.0331670363,2019,SDN,No Protection,15
509625.4746080948,2020,SDN,No Protection,15
84778.66335079799,2021,SDN,No Protection,15
123900.0678465065,2022,SDN,No Protection,15
18622.031510721554,2023,SDN,No Protection,15
51428.46665152385,2008,SDN,No Protection,16
33214.10417858346,2009,SDN,No Protection,16
96320.6232509588,2010,SDN,No Protection,16
29136.268367486613,2011,SDN,No Protection,16
94431.31232006515,2012,SDN,No Protection,16
130187.82718093942,2013,SDN,No Protection,16
92757.49679730898,2014,SDN,No Protection,16
11706.81600215004,2015,SDN,No Protection,16
42981.26763409298,2016,SDN,No Protection,16
81715.09640655555,2017,SDN,No Protection,16
98187.55137445492,2018,SDN,No Protection,16
387210.9006437667,2019,SDN,No Protection,16
465188.86439964647,2020,SDN,No Protection,16
81507.91186089595,2021,SDN,No Protection,16
120647.07116148462,2022,SDN,No Protection,16
18002.85230105213,2023,SDN,No Protection,16
50532.08909550721,2008,SDN,No Protection,17
31772.474829929095,2009,SDN,No Protection,17
96605.2224445411,2010,SDN,No Protection,17
26218.378379156668,2011,SDN,No Protection,17
95142.24024133965,2012,SDN,No Protection,17
134566.03816133612,2013,SDN,No Protection,17
94502.6902376417,2014,SDN,No Protection,17
10979.271589687762,2015,SDN,No Protection,17
42113.07624339373,2016,SDN,No Protection,17
84918.8661590341,2017,SDN,No Protection,17
100352.64662714461,2018,SDN,No Protection,17
422829.00397680263,2019,SDN,No Protection,17
509626.69145209563,2020,SDN,No Protection,17
84778.75546517778,2021,SDN,No Protection,17
123900.20015717551,2022,SDN,No Protection,17
18622.05833214795,2023,SDN,No Protection,17
51428.46665152385,2008,SDN,No Protection,18
33214.10417858346,2009,SDN,No Protection,18
96320.6232509588,2010,SDN,No Protection,18
29136.268367486613,2011,SDN,No Protection,18
94431.31232006515,2012,SDN,No Protection,18
130187.82718093942,2013,SDN,No Protection,18
92757.49679730898,2014,SDN,No Protection,18
11706.81600215004,2015,SDN,No Protection,18
42981.26763409298,2016,SDN,No Protection,18
81715.09640655555,2017,SDN,No Protection,18
98187.55137445492,2018,SDN,No Protection,18
387210.9006437667,2019,SDN,No Protection,18
465188.86439964647,2020,SDN,No Protection,18
81507.91186089595,2021,SDN,No Protection,18
120647.07116148462,2022,SDN,No Protection,18
18002.85230105213,2023,SDN,No Protection,18
50532.09699635056,2008,SDN,No Protection,19
31772.48632180084,2009,SDN,No Protection,19
96605.1584198925,2010,SDN,No Protection,19
26218.445518621098,2011,SDN,No Protection,19
95142.20062651367,2012,SDN,No Protection,19
134565.8621927615,2013,SDN,No Protection,19
94502.61816355432,2014,SDN,No Protection,19
10979.274473037221,2015,SDN,No Protection,19
42113.0737190786,2016,SDN,No Protection,19
84918.74122415372,2017,SDN,No Protection,19
100352.53003386322,2018,SDN,No Protection,19
422828.0331670363,2019,SDN,No Protection,19
509625.4746080948,2020,SDN,No Protection,19
84778.66335079799,2021,SDN,No Protection,19
123900.0678465065,2022,SDN,No Protection,19
18622.031510721554,2023,SDN,No Protection,19
8613.920567657904,2008,SDN,FLOPROS,0
9163.921789443488,2009,SDN,FLOPROS,0
27436.307767448066,2010,SDN,FLOPROS,0
10714.477735528346,2011,SDN,FLOPROS,0
35434.752214696084,2012,SDN,FLOPROS,0
281488.7003216249,2013,SDN,FLOPROS,0
163378.64554341667,2014,SDN,FLOPROS,0
22946.88947428185,2015,SDN,FLOPROS,0
52342.416707153745,2016,SDN,FLOPROS,0
130961.33018254962,2017,SDN,FLOPROS,0
155114.92118031267,2018,SDN,FLOPROS,0
1679115.2614884058,2019,SDN,FLOPROS,0
1912313.142693971,2020,SDN,FLOPROS,0
286508.30232913204,2021,SDN,FLOPROS,0
201626.5986623199,2022,SDN,FLOPROS,0
70451.92713971132,2023,SDN,FLOPROS,0
7446.681507560415,2008,SDN,FLOPROS,1
7859.83059132007,2009,SDN,FLOPROS,1
23763.6215433461,2010,SDN,FLOPROS,1
9256.065108167708,2011,SDN,FLOPROS,1
28971.423343525297,2012,SDN,FLOPROS,1
229287.58400429017,2013,SDN,FLOPROS,1
138055.99862048047,2014,SDN,FLOPROS,1
20622.382083028828,2015,SDN,FLOPROS,1
44384.45480769693,2016,SDN,FLOPROS,1
105480.7927247206,2017,SDN,FLOPROS,1
123135.19167711926,2018,SDN,FLOPROS,1
1381765.1639091175,2019,SDN,FLOPROS,1
1583269.815256236,2020,SDN,FLOPROS,1
237238.7123790599,2021,SDN,FLOPROS,1
162376.7749539188,2022,SDN,FLOPROS,1
57901.23521346945,2023,SDN,FLOPROS,1
8038.18981078942,2008,SDN,FLOPROS,2
8461.595901033088,2009,SDN,FLOPROS,2
28459.67275189427,2010,SDN,FLOPROS,2
10291.708817193467,2011,SDN,FLOPROS,2
33888.19388051943,2012,SDN,FLOPROS,2
262331.4488221021,2013,SDN,FLOPROS,2
162292.6806200649,2014,SDN,FLOPROS,2
22826.48846950001,2015,SDN,FLOPROS,2
50873.287032722044,2016,SDN,FLOPROS,2
122180.67626209841,2017,SDN,FLOPROS,2
139069.11173742486,2018,SDN,FLOPROS,2
1609881.768550195,2019,SDN,FLOPROS,2
1812123.5469348475,2020,SDN,FLOPROS,2
278979.5513072361,2021,SDN,FLOPROS,2
191532.23666734202,2022,SDN,FLOPROS,2
65453.01284931781,2023,SDN,FLOPROS,2
7901.617529816344,2008,SDN,FLOPROS,3
8354.139745393783,2009,SDN,FLOPROS,3
26570.628608036393,2010,SDN,FLOPROS,3
9956.342819758464,2011,SDN,FLOPROS,3
32192.377990388046,2012,SDN,FLOPROS,3
252101.48558807012,2013,SDN,FLOPROS,3
153638.9044630213,2014,SDN,FLOPROS,3
22197.30089274583,2015,SDN,FLOPROS,3
48596.66941219037,2016,SDN,FLOPROS,3
116618.95208436745,2017,SDN,FLOPROS,3
135056.4445227,2018,SDN,FLOPROS,3
1534299.8298756944,2019,SDN,FLOPROS,3
1736163.1023198594,2020,SDN,FLOPROS,3
263795.90678639984,2021,SDN,FLOPROS,3
181429.87374698106,2022,SDN,FLOPROS,3
63224.114870362704,2023,SDN,FLOPROS,3
8558.912686972077,2008,SDN,FLOPROS,4
9061.09777382604,2009,SDN,FLOPROS,4
27423.867357424635,2010,SDN,FLOPROS,4
10653.123827892981,2011,SDN,FLOPROS,4
34032.11633250405,2012,SDN,FLOPROS,4
269300.72339993325,2013,SDN,FLOPROS,4
160433.0951317277,2014,SDN,FLOPROS,4
23459.79585725416,2015,SDN,FLOPROS,4
51424.70538063926,2016,SDN,FLOPROS,4
124410.54791900063,2017,SDN,FLOPROS,4
145905.55454301034,2018,SDN,FLOPROS,4
1619714.2369526473,2019,SDN,FLOPROS,4
1849460.5085404303,2020,SDN,FLOPROS,4
277514.48807528056,2021,SDN,FLOPROS,4
191698.44286329485,2022,SDN,FLOPROS,4
67760.62633765736,2023,SDN,FLOPROS,4
7446.681507560415,2008,SDN,FLOPROS,5
7859.83059132007,2009,SDN,FLOPROS,5
23763.6215433461,2010,SDN,FLOPROS,5
9256.065108167708,2011,SDN,FLOPROS,5
28971.423343525297,2012,SDN,FLOPROS,5
229287.58400429017,2013,SDN,FLOPROS,5
138055.99862048047,2014,SDN,FLOPROS,5
20622.382083028828,2015,SDN,FLOPROS,5
44384.45480769693,2016,SDN,FLOPROS,5
105480.7927247206,2017,SDN,FLOPROS,5
123135.19167711926,2018,SDN,FLOPROS,5
1381765.1639091175,2019,SDN,FLOPROS,5
1583269.815256236,2020,SDN,FLOPROS,5
237238.7123790599,2021,SDN,FLOPROS,5
162376.7749539188,2022,SDN,FLOPROS,5
57901.23521346945,2023,SDN,FLOPROS,5
8613.920567657904,2008,SDN,FLOPROS,6
9163.921789443488,2009,SDN,FLOPROS,6
27436.307767448066,2010,SDN,FLOPROS,6
10714.477735528346,2011,SDN,FLOPROS,6
35434.752214696084,2012,SDN,FLOPROS,6
281488.7003216249,2013,SDN,FLOPROS,6
163378.64554341667,2014,SDN,FLOPROS,6
22946.88947428185,2015,SDN,FLOPROS,6
52342.416707153745,2016,SDN,FLOPROS,6
130961.33018254962,2017,SDN,FLOPROS,6
155114.92118031267,2018,SDN,FLOPROS,6
1679115.2614884058,2019,SDN,FLOPROS,6
1912313.142693971,2020,SDN,FLOPROS,6
286508.30232913204,2021,SDN,FLOPROS,6
201626.5986623199,2022,SDN,FLOPROS,6
70451.92713971132,2023,SDN,FLOPROS,6
8723.677306612824,2008,SDN,FLOPROS,7
8923.309362565844,2009,SDN,FLOPROS,7
36280.92276106353,2010,SDN,FLOPROS,7
11959.750135717648,2011,SDN,FLOPROS,7
35139.50260528512,2012,SDN,FLOPROS,7
256652.47681880326,2013,SDN,FLOPROS,7
184038.05741595806,2014,SDN,FLOPROS,7
27146.609670886442,2015,SDN,FLOPROS,7
55896.06023065852,2016,SDN,FLOPROS,7
117180.90039855884,2017,SDN,FLOPROS,7
126073.2355218368,2018,SDN,FLOPROS,7
1673761.051692361,2019,SDN,FLOPROS,7
1857541.3044210358,2020,SDN,FLOPROS,7
301650.2591721649,2021,SDN,FLOPROS,7
191824.16867035555,2022,SDN,FLOPROS,7
64776.22880602596,2023,SDN,FLOPROS,7
9816.081164804697,2008,SDN,FLOPROS,8
10350.971845851062,2009,SDN,FLOPROS,8
31535.815002664123,2010,SDN,FLOPROS,8
12216.100477679769,2011,SDN,FLOPROS,8
38004.581726495875,2012,SDN,FLOPROS,8
300145.40203292674,2013,SDN,FLOPROS,8
182267.82511961,2014,SDN,FLOPROS,8
27466.201328991418,2015,SDN,FLOPROS,8
58526.47719764287,2016,SDN,FLOPROS,8
137904.51478473615,2017,SDN,FLOPROS,8
160265.49311850447,2018,SDN,FLOPROS,8
1814146.3425145973,2019,SDN,FLOPROS,8
2078220.258624826,2020,SDN,FLOPROS,8
312105.5768997648,2021,SDN,FLOPROS,8
212515.23326863637,2022,SDN,FLOPROS,8
75865.03930955766,2023,SDN,FLOPROS,8
9376.404407818067,2008,SDN,FLOPROS,9
9930.607327739477,2009,SDN,FLOPROS,9
29610.858476275538,2010,SDN,FLOPROS,9
11639.406633148232,2011,SDN,FLOPROS,9
37172.463118422995,2012,SDN,FLOPROS,9
295200.76148125227,2013,SDN,FLOPROS,9
174172.67649202005,2014,SDN,FLOPROS,9
25364.633624209255,2015,SDN,FLOPROS,9
56021.27229542885,2016,SDN,FLOPROS,9
136358.74573434854,2017,SDN,FLOPROS,9
160829.72441912472,2018,SDN,FLOPROS,9
1767997.3719866476,2019,SDN,FLOPROS,9
2022950.4847982305,2020,SDN,FLOPROS,9
302202.7151849112,2021,SDN,FLOPROS,9
209635.33894769926,2022,SDN,FLOPROS,9
74289.63078176943,2023,SDN,FLOPROS,9
8687.27159522508,2008,SDN,FLOPROS,10
9043.844948224925,2009,SDN,FLOPROS,10
32530.5367504142,2010,SDN,FLOPROS,10
11383.104098499745,2011,SDN,FLOPROS,10
34538.9702870768,2012,SDN,FLOPROS,10
260513.05004940135,2013,SDN,FLOPROS,10
175183.00926546758,2014,SDN,FLOPROS,10
26245.74256466334,2015,SDN,FLOPROS,10
53908.08931485074,2016,SDN,FLOPROS,10
118663.05265530129,2017,SDN,FLOPROS,10
132817.5322515352,2018,SDN,FLOPROS,10
1655351.4468270836,2019,SDN,FLOPROS,10
1844710.7647190467,2020,SDN,FLOPROS,10
289192.84015278297,2021,SDN,FLOPROS,10
190239.058445869,2022,SDN,FLOPROS,10
65738.90267749141,2023,SDN,FLOPROS,10
8038.18981078942,2008,SDN,FLOPROS,11
8461.595901033088,2009,SDN,FLOPROS,11
28459.67275189427,2010,SDN,FLOPROS,11
10291.708817193467,2011,SDN,FLOPROS,11
33888.19388051943,2012,SDN,FLOPROS,11
262331.4488221021,2013,SDN,FLOPROS,11
162292.6806200649,2014,SDN,FLOPROS,11
22826.48846950001,2015,SDN,FLOPROS,11
50873.287032722044,2016,SDN,FLOPROS,11
122180.67626209841,2017,SDN,FLOPROS,11
139069.11173742486,2018,SDN,FLOPROS,11
1609881.768550195,2019,SDN,FLOPROS,11
1812123.5469348475,2020,SDN,FLOPROS,11
278979.5513072361,2021,SDN,FLOPROS,11
191532.23666734202,2022,SDN,FLOPROS,11
65453.01284931781,2023,SDN,FLOPROS,11
9197.263641998175,2008,SDN,FLOPROS,12
9754.184778333414,2009,SDN,FLOPROS,12
28711.368127084785,2010,SDN,FLOPROS,12
11395.447542001039,2011,SDN,FLOPROS,12
36613.578760254226,2012,SDN,FLOPROS,12
291566.4980859354,2013,SDN,FLOPROS,12
170041.19021685538,2014,SDN,FLOPROS,12
24495.51485269907,2015,SDN,FLOPROS,12
54788.74155121936,2016,SDN,FLOPROS,12
134838.15799162944,2017,SDN,FLOPROS,12
160094.2952720259,2018,SDN,FLOPROS,12
1739669.160558734,2019,SDN,FLOPROS,12
1991396.8191172786,2020,SDN,FLOPROS,12
296426.6013999127,2021,SDN,FLOPROS,12
206946.71552427913,2022,SDN,FLOPROS,12
73297.67674646096,2023,SDN,FLOPROS,12
8558.94945530141,2008,SDN,FLOPROS,13
9061.137318358476,2009,SDN,FLOPROS,13
27423.96405374422,2010,SDN,FLOPROS,13
10653.168145962856,2011,SDN,FLOPROS,13
34032.26708828924,2012,SDN,FLOPROS,13
269301.97058424784,2013,SDN,FLOPROS,13
160433.72663653948,2014,SDN,FLOPROS,13
23459.876898826922,2015,SDN,FLOPROS,13
51424.91644330733,2016,SDN,FLOPROS,13
124411.13145614692,2017,SDN,FLOPROS,13
145906.29128722352,2018,SDN,FLOPROS,13
1619721.27373583,2019,SDN,FLOPROS,13
1849468.7016111868,2020,SDN,FLOPROS,13
277515.65600591985,2021,SDN,FLOPROS,13
191699.31848306244,2022,SDN,FLOPROS,13
67760.93761896239,2023,SDN,FLOPROS,13
9718.645124025821,2008,SDN,FLOPROS,14
9994.492267689408,2009,SDN,FLOPROS,14
39315.89448221072,2010,SDN,FLOPROS,14
13167.601943651747,2011,SDN,FLOPROS,14
39127.75467128763,2012,SDN,FLOPROS,14
288552.2562626688,2013,SDN,FLOPROS,14
202726.0506172196,2014,SDN,FLOPROS,14
29949.93092772357,2015,SDN,FLOPROS,14
61815.19024701731,2016,SDN,FLOPROS,14
131766.0742733382,2017,SDN,FLOPROS,14
143420.48448156088,2018,SDN,FLOPROS,14
1865369.3106927203,2019,SDN,FLOPROS,14
2073985.866781813,2020,SDN,FLOPROS,14
333516.4124115649,2021,SDN,FLOPROS,14
214314.99459089167,2022,SDN,FLOPROS,14
72750.70316570236,2023,SDN,FLOPROS,14
7881.044597223228,2008,SDN,FLOPROS,15
8336.11047123488,2009,SDN,FLOPROS,15
25052.530889390146,2010,SDN,FLOPROS,15
9793.074903644838,2011,SDN,FLOPROS,15
31050.564922883557,2012,SDN,FLOPROS,15
246096.59029773832,2013,SDN,FLOPROS,15
146539.8833811281,2014,SDN,FLOPROS,15
21558.494011521525,2015,SDN,FLOPROS,15
47092.69266748303,2016,SDN,FLOPROS,15
113517.04815884349,2017,SDN,FLOPROS,15
133251.54169035665,2018,SDN,FLOPROS,15
1478416.199684498,2019,SDN,FLOPROS,15
1691792.3632632077,2020,SDN,FLOPROS,15
253231.58801947886,2021,SDN,FLOPROS,15
174673.61495421812,2022,SDN,FLOPROS,15
62005.73205457255,2023,SDN,FLOPROS,15
8107.514852435744,2008,SDN,FLOPROS,16
8469.52496345238,2009,SDN,FLOPROS,16
29684.711786704946,2010,SDN,FLOPROS,16
10533.262145979324,2011,SDN,FLOPROS,16
32551.516354964962,2012,SDN,FLOPROS,16
247861.00959706565,2013,SDN,FLOPROS,16
162493.21999273874,2014,SDN,FLOPROS,16
24047.42846757647,2015,SDN,FLOPROS,16
50362.640742695716,2016,SDN,FLOPROS,16
113523.90350229395,2017,SDN,FLOPROS,16
128000.01400961619,2018,SDN,FLOPROS,16
1556922.9939568867,2019,SDN,FLOPROS,16
1742565.2435052188,2020,SDN,FLOPROS,16
271310.02639157744,2021,SDN,FLOPROS,16
180511.91684856926,2022,SDN,FLOPROS,16
62406.21525470347,2023,SDN,FLOPROS,16
8613.920567657904,2008,SDN,FLOPROS,17
9163.921789443488,2009,SDN,FLOPROS,17
27436.307767448066,2010,SDN,FLOPROS,17
10714.477735528346,2011,SDN,FLOPROS,17
35434.752214696084,2012,SDN,FLOPROS,17
281488.7003216249,2013,SDN,FLOPROS,17
163378.64554341667,2014,SDN,FLOPROS,17
22946.88947428185,2015,SDN,FLOPROS,17
52342.416707153745,2016,SDN,FLOPROS,17
130961.33018254962,2017,SDN,FLOPROS,17
155114.92118031267,2018,SDN,FLOPROS,17
1679115.2614884058,2019,SDN,FLOPROS,17
1912313.142693971,2020,SDN,FLOPROS,17
286508.30232913204,2021,SDN,FLOPROS,17
201626.5986623199,2022,SDN,FLOPROS,17
70451.92713971132,2023,SDN,FLOPROS,17
7881.044597223228,2008,SDN,FLOPROS,18
8336.11047123488,2009,SDN,FLOPROS,18
25052.530889390146,2010,SDN,FLOPROS,18
9793.074903644838,2011,SDN,FLOPROS,18
31050.564922883557,2012,SDN,FLOPROS,18
246096.59029773832,2013,SDN,FLOPROS,18
146539.8833811281,2014,SDN,FLOPROS,18
21558.494011521525,2015,SDN,FLOPROS,18
47092.69266748303,2016,SDN,FLOPROS,18
113517.04815884349,2017,SDN,FLOPROS,18
133251.54169035665,2018,SDN,FLOPROS,18
1478416.199684498,2019,SDN,FLOPROS,18
1691792.3632632077,2020,SDN,FLOPROS,18
253231.58801947886,2021,SDN,FLOPROS,18
174673.61495421812,2022,SDN,FLOPROS,18
62005.73205457255,2023,SDN,FLOPROS,18
8107.514852435744,2008,SDN,FLOPROS,19
8469.52496345238,2009,SDN,FLOPROS,19
29684.711786704946,2010,SDN,FLOPROS,19
10533.262145979324,2011,SDN,FLOPROS,19
32551.516354964962,2012,SDN,FLOPROS,19
247861.00959706565,2013,SDN,FLOPROS,19
162493.21999273874,2014,SDN,FLOPROS,19
24047.42846757647,2015,SDN,FLOPROS,19
50362.640742695716,2016,SDN,FLOPROS,19
113523.90350229395,2017,SDN,FLOPROS,19
128000.01400961619,2018,SDN,FLOPROS,19
1556922.9939568867,2019,SDN,FLOPROS,19
1742565.2435052188,2020,SDN,FLOPROS,19
271310.02639157744,2021,SDN,FLOPROS,19
180511.91684856926,2022,SDN,FLOPROS,19
62406.21525470347,2023,SDN,FLOPROS,19
